Sample,Postcode,Address,Latitude,Longitude,moll_lat,moll_lon,Rurality
12,,,43.2,-71.7,5143846.831917414,-5902977.612736217,11
13,,,35.1,-106.5,4234682.321429716,-9424321.69637107,30
14,,,32.1,-81.1,3888663.045691798,-7333935.290886377,11
15,,,47.4,-122.1,5598540.764237718,-9594770.66289083,12
16,,,42.9,-74.7,5110899.726537222,-6168858.353149482,11
17,,,38,-107.7,4564645.650180879,-9309826.19737998,11
18,,,43.1,-93.2,5132871.142571277,-7680925.541019496,11
19,,,39.3,-75.6,4711007.064735232,-6461324.315939048,23
20,,,37.8,-122.3,4542040.864253972,-10589845.433414381,30
21,,,39.4,-76.6,4722224.088198904,-6540934.957326353,30
22,,,39,-121.1,4677320.035485608,-10377709.246613692,12
23,,,46.6,-87.4,5512909.179936818,-6933018.941982128,11
24,,,35.1,-106.5,4234682.321429716,-9424321.69637107,30
25,,,33.8,-84.4,4085299.0747620966,-7541482.403930158,30
26,,,39.1,-108.7,4688555.02095648,-9306843.950628413,12
27,,,32.7,-117.1,3958226.452234754,-10545720.78927272,30
28,,,47.5,-122,5609211.139933313,-9575444.636962114,11
29,,,30.4,-89.3,3690640.1686725584,-8166443.292739775,11
30,,,41.8,-73.2,4989585.492155518,-6111662.884076891,11
31,,,43.1,-89.4,5132871.142571277,-7367754.757158187,10
32,,,41.6,-91.5,4967443.824256047,-7654478.204383886,11
33,,,44,-121.3,5231409.460379818,-9903518.27215952,21
34,,,42.3,-71.1,5044826.500767855,-5907118.424773402,30
35,,,61.5,-149.6,7018867.627305252,-9417154.254830372,11
36,,,43.9,-116.8,5220487.918857972,-9546191.610397603,11
37,,,42.3,-72.5,5044826.500767855,-6023432.992912401,11
38,,,39.6,-105,4744640.050997059,-8949911.61413933,30
39,,,39.1,-84.4,4688555.02095648,-7226289.139218382,12
40,,,39.3,-77.9,4711007.064735232,-6657898.997508624,11
41,,,42.8,-73.7,5099904.036616813,-6092458.598193302,12
42,,,35.6,-97.5,4291901.349772842,-8594653.930854173,12
43,,,38.4,-88.4,4609785.726655623,-7615303.795077473,11
44,,,44.2,-69.5,5253231.968253014,-5662280.520901752,11
45,,,43.6,-70.2,5187682.367855,-5755597.475819309,10
46,,,40.4,-74.1,4834060.209486077,-6269948.225512216,30
47,,,41.5,-81.8,4956363.362991374,-6849653.767906801,30
48,,,21.3,-157.8,2610296.658087993,-15138448.401339697,30
49,,,55.7,-132.5,6456654.442485223,-9272999.03320857,11
50,,,39.5,-79.8,4733435.0894455165,-6808067.524143972,12
51,,,42.2,-71.1,5033791.304144005,-5912990.799287176,11
52,,,32.2,-111,3900269.037317044,-10030963.527562322,23
53,,,40.7,-74.1,4867490.986514479,-6252391.093275291,30
54,,,40.7,-74,4867490.986514479,-6243953.318520533,30
55,,,41,-73.9,4900865.502225984,-6217865.204218712,30
56,,,39,-77.1,4677320.035485608,-6607112.988554216,30
57,,,40.7,-74,4867490.986514479,-6243953.318520533,30
58,,,42.4,-72.5,5055855.158535961,-6017429.462114196,12
59,,,32.7,-83.7,3958226.452234754,-7537803.843399888,12
60,,,62.1,-146.4,7075030.006253756,-9101372.781490015,11
61,,,40.8,-74,4878622.100046948,-6238077.569642651,30
62,,,40.7,-73.9,4867490.986514479,-6235515.543765777,30
63,,,39.3,-78.8,4711007.064735232,-6734819.525079325,12
65,,,40.7,-74,4867490.986514479,-6243953.318520533,30
66,,,43.7,-70.3,5198624.35397517,-5757778.070410815,21
67,,,40.7,-73.9,4867490.986514479,-6235515.543765777,30
68,,,40.7,-74,4867490.986514479,-6243953.318520533,30
70,,,39.4,-119.6,4722224.088198904,-10212739.176191013,11
71,,,35.2,-106.6,4246136.773848659,-9425944.45450964,12
72,,,43.6,-116.2,5187682.367855,-9527071.605273556,30
73,,,41.9,-71.4,5000646.662737804,-5955539.972092151,30
74,,,46.2,-91.1,5469916.3826618055,-7259918.446304998,11
75,,,40.3,-120.5,4822904.1974516725,-10205535.822242405,11
76,,,31.5,-89.4,3818926.89358234,-8117245.0760626355,11
77,,,38.9,-77,4666079.097486394,-6604366.283218202,30
78,,,64.1,-141.8,7259317.251879168,-8435268.452231228,11
79,,,35.5,-78.1,4280468.224191657,-6889896.253606453,11
81,,,35.1,-106.6,4234682.321429716,-9433170.82472447,30
82,,,35.8,-78.7,4314751.463942467,-6926581.637076698,12
83,,,35.8,-78.7,4314751.463942467,-6926581.637076698,12
84,,,35.8,-78.7,4314751.463942467,-6926581.637076698,12
85,,,35.8,-78.7,4314751.463942467,-6926581.637076698,12
86,,,35.8,-78.8,4314751.463942467,-6935382.884391915,30
88,,,33.4,-80.7,4039160.7572465204,-7231739.995286237,11
89,,,35.7,-78.8,4303329.101929989,-6940821.184974686,21
90,,,29.7,-95.4,3608716.7046406446,-8762708.285420993,30
93,,,42.1,-88,5022749.586837975,-7325718.994879284,30
94,,,40,-75.2,4789399.149897031,-6386559.417457832,30
95,,,40.7,-89.4,4867490.986514479,-7543370.630753186,23
96,,,36,-78.9,4337579.950562795,-6933245.317978021,30
97,,,39,-76.5,4677320.035485608,-6555695.766853406,21
100,,,35.1,-106.7,4234682.321429716,-9442019.95307787,30
101,,,33.8,-84.3,4085299.0747620966,-7532546.998238297,30
102,,,42.3,-71.1,5044826.500767855,-5907118.424773402,30
105,,,41.7,-83.6,4978517.873315134,-6986802.072203456,30
106,,,34.7,-86.7,4188811.7770359707,-7695527.243883815,11
107,,,42.3,-83.1,5044826.500767855,-6904100.437393387,30
109,,,40.8,-74,4878622.100046948,-6238077.569642651,30
110,,,38.1,-122.3,4575939.381994569,-10562862.990451403,11
111,,,39.1,-94.4,4688555.02095648,-8082484.534860369,30
112,,,42.3,-71.2,5044826.500767855,-5915426.608211903,30
113,,,47.7,-122.3,5630529.2916253945,-9575915.87838249,30
114,,,39,-77.1,4677320.035485608,-6607112.988554216,30
115,,,42.4,-71.1,5055855.158535961,-5901230.824225093,30
118,,,35.6,-78,4291901.349772842,-6875723.144683337,11
119,,,36.4,-80.3,4383171.504392177,-7033805.509669945,11
121,,,47.6,-122.3,5619873.989038884,-9587467.144594213,30
123,,,37.7,-97.5,4530729.844432588,-8449565.979013728,12
124,,,32.9,-96.8,3981375.261976042,-8705352.53595065,30
125,,,34.1,-84.1,4119849.5791734387,-7498187.568149215,12
127,,,38.9,-77.1,4666079.097486394,-6612943.382287317,30
128,,,39.8,-105.1,4767031.784989593,-8942209.905876141,30
129,,,40.6,-75.4,4856353.621740942,-6368053.138085613,30
131,,,35.7,-78.6,4303329.101929989,-6923204.887550894,21
132,,,37.5,-121.9,4508090.636651801,-10581876.840291088,11
133,,,45.9,-91.8,5437595.370609268,-7340728.171350317,11
134,,,41.7,-87.7,4978517.873315134,-7329456.240816306,30
135,,,43.5,-116.3,5176733.604059025,-9545201.513229182,11
136,,,38.2,-84.6,4587227.316813161,-7300515.233172389,12
137,,,39.6,-105.1,4744640.050997059,-8958435.33948613,30
138,,,37.7,-85.8,4530729.844432588,-7435618.06153208,11
139,,,45.6,-111,5405209.441916061,-8906082.160373822,11
140,,,33,-96.8,3992942.2826557155,-8699221.733407326,30
141,,,48.8,-122.5,5747233.80943055,-9462470.163112633,21
142,,,38.9,-92.3,4666079.097486394,-7916662.440792727,21
143,,,39.7,-121.8,4755838.955352894,-10372508.451858671,11
144,,,36,-79.2,4337579.950562795,-6959607.467476036,11
145,,,41.7,-93.6,4978517.873315134,-7822543.946868941,23
146,,,37.3,-120.5,4485428.651890568,-10477795.173591917,30
147,,,34,-78.4,4108337.84708608,-6995126.544091236,11
148,,,35.8,-78.7,4314751.463942467,-6926581.637076698,12
150,,,39.4,-85.2,4722224.088198904,-7275295.801099285,11
151,,,44,-123.1,5231409.460379818,-10050478.971993709,21
152,,,47,-123.9,5555784.3927511,-9782524.263673266,21
153,,,39.5,-80.4,4733435.0894455165,-6859256.001769117,11
154,,,43.5,-116.4,5176733.604059025,-9553408.909199286,12
155,,,35.9,-78.9,4326168.419072049,-6938722.796317693,21
158,,,35.6,-78.8,4291901.349772842,-6946243.382064705,21
160,,,41.9,-87.7,5000646.662737804,-7315138.032947921,30
161,,,45.5,-122.8,5394399.796378014,-9863877.768527476,30
162,,,35.8,-79.1,4314751.463942467,-6961786.626337568,13
163,,,37.9,-122.3,4553346.138548651,-10580876.629869564,30
164,,,35.3,-80.9,4257585.919552411,-7147959.997428066,21
165,,,33.6,-97.1,4062240.00108359,-8688872.332057562,11
166,,,40.3,-121,4822904.1974516725,-10247882.443911461,11
167,,,37,-91.7,4451393.266128351,-7993335.039955807,13
168,,,35.8,-78.7,4314751.463942467,-6926581.637076698,12
170,,,36.1,-83.9,4348986.041640936,-7366772.7065491965,21
171,,,37.8,-122.3,4542040.864253972,-10589845.433414381,30
172,,,34.1,-117.7,4119849.5791734387,-10493896.275519175,30
173,,,42.5,-76.5,5066877.25924736,-6343074.413906897,12
174,,,47.3,-122,5587862.881841395,-9598352.970493734,11
175,,,40.8,-107,4878622.100046948,-9019922.972321132,11
176,,,36.2,-115.3,4360386.675514761,-10115773.008581286,30
177,,,35.9,-106.3,4326168.419072049,-9348367.975267056,22
178,,,36,-80.3,4337579.950562795,-7056268.68230209,21
179,,,30.5,-87.2,3702325.5456642844,-7969312.76322516,30
180,,,42.3,-71.1,5044826.500767855,-5907118.424773402,30
182,,,35.6,-78.8,4291901.349772842,-6946243.382064705,21
183,,,33.5,-94.6,4050702.892244759,-8471268.86659019,12
185,,,42.5,-71.2,5066877.25924736,-5903619.585230995,30
186,,,40.7,-122.9,4867490.986514479,-10370025.173596941,11
187,,,47.6,-122.6,5619873.989038884,-9610985.05255315,12
188,,,39.5,-104.7,4733435.0894455165,-8932389.345587393,12
189,,,38,-78.5,4564645.650180879,-6785713.61647473,21
190,,,35.8,-78.9,4314751.463942467,-6944184.131707134,12
191,,,35.6,-78.8,4291901.349772842,-6946243.382064705,21
192,,,40.5,-74.6,4845210.023486283,-6306379.450650705,11
193,,,36,-78.9,4337579.950562795,-6933245.317978021,30
194,,,35.5,-77,4280468.224191657,-6792855.461302137,12
195,,,35.9,-78.3,4326168.419072049,-6885956.843493985,12
196,,,39.3,-76.6,4711007.064735232,-6546791.568795385,30
197,,,43.1,-89.4,5132871.142571277,-7367754.757158187,10
198,,,33.9,-79.1,4096821.006802832,-7062752.468366373,11
199,,,45.5,-122.6,5394399.796378014,-9847812.821021732,30
200,,,31.1,-85.4,3772341.8763246927,-7774562.316646496,11
201,,,36,-78.9,4337579.950562795,-6933245.317978021,30
202,,,41.8,-88.2,4989585.492155518,-7364052.819338549,30
203,,,35.8,-78.7,4314751.463942467,-6926581.637076698,12
204,,,39.9,-75.2,4778218.522360791,-6392403.617064384,30
205,,,36.2,-79.1,4360386.675514761,-6939788.768246136,11
206,,,39.9,-75,4778218.522360791,-6375402.543614744,30
208,,,40.3,-122.4,4822904.1974516725,-10366452.98458482,11
209,,,34.2,-77.9,4131356.186610764,-6940285.425420065,21
210,,,41.1,-75.8,4911977.755229252,-6371662.309578698,11
211,,,40.3,-76.7,4822904.1974516725,-6495971.764033131,21
212,,,41.9,-87.7,5000646.662737804,-7315138.032947921,30
213,,,42.4,-97.4,5055855.158535961,-8084105.235998934,11
214,,,38.3,-76.5,4598509.437439485,-6595856.184966987,22
215,,,40.3,-80.2,4822904.1974516725,-6792398.115716522,21
216,,,39.8,-84.9,4767031.784989593,-7223535.880198711,12
217,,,38.4,-81.7,4609785.726655623,-7038125.792509384,12
218,,,42,-91.6,5011701.366996126,-7632933.851180979,12
219,,,34.1,-118,4119849.5791734387,-10520643.674692122,30
220,,,36.1,-115.3,4348986.041640936,-10123824.708761888,30
222,,,36.1,-79.8,4348986.041640936,-7006775.470591487,30
224,,,36.5,-80.6,4394555.66572155,-7054405.637287408,22
225,,,42.7,-83.6,5088901.716558093,-6917843.016111365,11
226,,,36.5,-87.1,4394555.66572155,-7623309.317713813,11
227,,,34.7,-86.7,4188811.7770359707,-7695527.243883815,11
228,,,40.3,-78.9,4822904.1974516725,-6682296.899376978,21
230,,,36.1,-97.1,4348986.041640936,-8525788.19792523,21
231,,,39,-77.1,4677320.035485608,-6607112.988554216,30
232,,,37.3,-120.5,4485428.651890568,-10477795.173591917,30
233,,,40.5,-80,4845210.023486283,-6762873.405523545,12
234,,,42.4,-71.4,5055855.158535961,-5926130.532344188,12
235,,,38.2,-85.8,4587227.316813161,-7404068.640735119,30
236,,,37.9,-122.1,4553346.138548651,-10563573.479207471,12
237,,,35.3,-82.4,4257585.919552411,-7280493.248307449,12
238,,,39.7,-105,4755838.955352894,-8941817.630912649,30
239,,,32.7,-80,3958226.452234754,-7204591.487120561,11
240,,,38.9,-77,4666079.097486394,-6604366.283218202,30
241,,,34.2,-81.2,4131356.186610764,-7234289.814430158,11
242,,,45.5,-122.6,5394399.796378014,-9847812.821021732,30
243,,,37.7,-121.8,4530729.844432588,-10555457.807629457,30
244,,,39,-76.9,4677320.035485608,-6589973.914653948,30
245,,,39.7,-105,4755838.955352894,-8941817.630912649,30
247,,,43.5,-87.8,5176733.604059025,-7206093.661749976,11
248,,,40,-105.3,4789399.149897031,-8942881.737477522,11
249,,,41.7,-73.4,4978517.873315134,-6134345.360044662,11
250,,,42.3,-71.7,5044826.500767855,-5956967.525404402,21
251,,,40.6,-74.9,4856353.621740942,-6325824.6690001665,12
252,,,35.9,-78.9,4326168.419072049,-6938722.796317693,21
253,,,36,-79,4337579.950562795,-6942032.701144025,12
254,,,40.6,-79.9,4856353.621740942,-6748109.35985465,21
255,,,42.6,-71.2,5077892.78467351,-5897693.170055948,21
256,,,33.8,-118.1,4085299.0747620966,-10552714.122087106,30
257,,,44.9,-93.3,5329392.73674441,-7544115.8821365675,30
258,,,39.6,-75.8,4744640.050997059,-6460983.812873916,12
260,,,34.7,-83.1,4188811.7770359707,-7375989.780469954,11
261,,,35,-114.4,4223222.5789299365,-10131134.667347107,11
262,,,32.9,-96.7,3981375.261976042,-8696359.403165577,30
263,,,40.4,-76.8,4834060.209486077,-6498407.877453956,11
264,,,47.6,-122.9,5619873.989038884,-9634502.96051209,11
265,,,35.8,-78.6,4314751.463942467,-6917780.38976148,30
266,,,32.9,-80.2,3981375.261976042,-7212492.4936285345,11
267,,,42.6,-71.3,5077892.78467351,-5905976.446980184,21
268,,,43.3,-90.4,5154815.8175898185,-7434866.096611365,11
269,,,41.8,-72.5,4989585.492155518,-6053218.020431346,23
270,,,44.9,-92.9,5329392.73674441,-7511772.4056858225,30
271,,,36,-79,4337579.950562795,-6942032.701144025,12
272,,,35.8,-78.8,4314751.463942467,-6935382.884391915,30
273,,,42.4,-71.1,5055855.158535961,-5901230.824225093,30
274,,,38.8,-77.1,4654832.224325931,-6618757.692910426,30
275,,,27.7,-82.6,3373476.2702575917,-7677633.290202502,10
276,,,39.8,-75.1,4767031.784989593,-6389723.729127479,21
277,,,37.3,-79.9,4485428.651890568,-6947517.297676302,21
278,,,42.4,-71.4,5055855.158535961,-5926130.532344188,12
279,,,35,-101.9,4223222.5789299365,-9024148.79897439,11
280,,,41.7,-72.7,4978517.873315134,-6075843.428818079,30
281,,,36.1,-78.6,4348986.041640936,-6901410.425920938,11
282,,,37.5,-77.5,4508090.636651801,-6727608.327502538,23
283,,,42.5,-71.5,5066877.25924736,-5928494.38685416,12
284,,,35,-85.1,4223222.5789299365,-7536359.791881457,21
285,,,41.9,-87.7,5000646.662737804,-7315138.032947921,30
286,,,40,-75.2,4789399.149897031,-6386559.417457832,30
287,,,40,-75.1,4789399.149897031,-6378066.652275042,30
288,,,40.9,-73.3,4889746.944553853,-6173233.053466718,21
289,,,34.1,-117.7,4119849.5791734387,-10493896.275519175,30
290,,,45.5,-93.6,5394399.796378014,-7518395.4326886935,11
292,,,47.7,-122.3,5630529.2916253945,-9575915.87838249,30
293,,,42.5,-87.9,5066877.25924736,-7288316.87558714,11
294,,,38.9,-77,4666079.097486394,-6604366.283218202,30
295,,,35.9,-79.1,4326168.419072049,-6956311.447258928,12
296,,,35.2,-106.3,4246136.773848659,-9399417.406326218,11
297,,,34.1,-84.7,4119849.5791734387,-7551682.366495107,12
298,,,39.7,-86.2,4755838.955352894,-7340806.4741397165,30
299,,,29.6,-82.4,3596995.5683894837,-7573304.111771072,11
300,,,37.3,-107.6,4485428.651890568,-9356105.897746809,11
301,,,42.3,-71.2,5044826.500767855,-5915426.608211903,30
302,,,36.8,-103.8,4428674.934840166,-9062888.746935619,11
303,,,39,-77,4677320.035485608,-6598543.451604083,30
304,,,37.8,-122.5,4542040.864253972,-10607163.250966983,10
305,,,40.1,-88.3,4800573.6500055995,-7492230.818261097,30
306,,,38.8,-97.6,4654832.224325931,-8378608.960156389,23
307,,,35.8,-78.8,4314751.463942467,-6935382.884391915,30
308,,,37.9,-122.2,4553346.138548651,-10572225.054538518,12
309,,,28.1,-81.8,3420659.5568959606,-7585839.061399722,23
310,,,39.7,-75.7,4755838.955352894,-6446624.71104845,30
311,,,35.9,-79.1,4326168.419072049,-6956311.447258928,12
312,,,41.6,-74.5,4967443.824256047,-6232334.712859011,12
313,,,42.4,-72.5,5055855.158535961,-6017429.462114196,12
314,,,28.2,-82.2,3432445.012437962,-7618513.18228269,21
316,,,36.1,-80.3,4348986.041640936,-7050677.572537549,21
317,,,37,-79.9,4451393.266128351,-6964748.851608167,13
318,,,38,-81.2,4564645.650180879,-7019107.58799679,12
319,,,35.8,-79.1,4314751.463942467,-6961786.626337568,13
320,,,33.6,-96.2,4062240.00108359,-8608336.955138389,11
321,,,43.2,-77.6,5143846.831917414,-6388717.751022739,30
322,,,30.6,-96.4,3714006.3811190226,-8804469.46924483,11
323,,,36.1,-78.9,4348986.041640936,-6927751.687088576,12
324,,,57,-135.3,6585573.908968315,-9266130.029960256,11
325,,,30,-90.1,3643853.5640796954,-8260446.435593734,30
326,,,42.4,-71.3,5055855.158535961,-5917830.6296378225,13
327,,,29.7,-95.8,3608716.7046406446,-8799449.200663848,30
328,,,40.7,-74,4867490.986514479,-6243953.318520533,30
329,,,37.8,-122.4,4542040.864253972,-10598504.342190685,30
330,,,34,-118.5,4108337.84708608,-10572991.01370933,30
331,,,43.5,-89.7,5176733.604059025,-7362034.185181923,11
332,,,42.4,-71.1,5055855.158535961,-5901230.824225093,30
333,,,44.9,-93.2,5329392.73674441,-7536030.013023882,30
334,,,40.7,-74,4867490.986514479,-6243953.318520533,30
335,,,38.7,-78.8,4643579.433349574,-6770622.664268828,12
336,,,42,-93.6,5011701.366996126,-7799591.795529908,12
337,,,42.5,-89,5066877.25924736,-7379524.481538743,11
338,,,37.7,-121.7,4530729.844432588,-10546791.58611252,11
339,,,42.1,-80,5022749.586837975,-6659744.54079935,12
340,,,33.8,-117.9,4085299.0747620966,-10534843.310703386,30
341,,,41.7,-72.2,4978517.873315134,-6034056.335084804,21
342,,,37.6,-122.3,4519413.09620004,-10607707.09191161,10
343,,,47.6,-122.4,5619873.989038884,-9595306.447247192,30
344,,,47.2,-122.5,5577177.512594201,-9649150.252562476,30
345,,,26.3,-81.8,3207824.7779730544,-7662268.815710879,21
346,,,42.3,-83.7,5044826.500767855,-6953949.538024387,23
347,,,37.6,-122,4519413.09620004,-10581686.551211907,12
348,,,31.9,-106.4,3865436.6832570103,-9634905.302828683,30
349,,,30.2,-92.1,3667255.8538518026,-8433191.694602743,21
350,,,47.1,-122.4,5566484.676306825,-9652696.313769007,30
351,,,40.8,-74,4878622.100046948,-6238077.569642651,30
352,,,41.8,-71.4,4989585.492155518,-5961376.091845492,30
353,,,34.8,-112.4,4200287.290140791,-9969141.626497658,11
354,,,44.9,-89.7,5329392.73674441,-7253024.594079853,11
355,,,36,-84.3,4337579.950562795,-7407764.008942296,21
356,,,26.1,-80.3,3184097.178776717,-7529784.064354856,30
357,,,39,-92.3,4677320.035485608,-7909682.604974763,12
358,,,39.1,-76.6,4688555.02095648,-6558456.730617628,21
359,,,38.8,-89.9,4654832.224325931,-7717591.65489815,12
360,,,45.4,-122.8,5383583.014860616,-9874873.587535242,30
361,,,42.3,-71.4,5044826.500767855,-5932042.975088903,30
362,,,40.1,-83,4800573.6500055995,-7042527.269713149,30
363,,,36.1,-78.4,4348986.041640936,-6883849.585142514,11
364,,,34.5,-77.4,4165845.096242587,-6880376.122310063,12
366,,,43.5,-90,5176733.604059025,-7386656.37309223,11
367,,,40.6,-80.3,4856353.621740942,-6781892.135123007,21
368,,,32.9,-117.2,3981375.261976042,-10539951.62410554,30
369,,,32.6,-97.4,3946644.695701931,-8777700.154605238,13
370,,,32.7,-117.1,3958226.452234754,-10545720.78927272,30
371,,,38,-122.3,4564645.650180879,-10571882.487832604,30
372,,,35.8,-78.6,4314751.463942467,-6917780.38976148,30
373,,,37,-92.6,4451393.266128351,-8071786.528897574,11
374,,,45.5,-122.6,5394399.796378014,-9847812.821021732,30
375,,,42.1,-72.6,5022749.586837975,-6043718.17077541,30
376,,,39.1,-94.6,4688555.02095648,-8099608.442773207,30
377,,,42.4,-71.1,5055855.158535961,-5901230.824225093,30
378,,,40.4,-79.9,4834060.209486077,-6760713.403757438,30
379,,,33.3,-81.1,4027613.6124500223,-7272786.875522303,11
380,,,34.1,-117.7,4119849.5791734387,-10493896.275519175,30
381,,,37.6,-122.1,4519413.09620004,-10590360.064778475,11
382,,,40.8,-73.9,4878622.100046948,-6229647.735089081,30
383,,,36,-78.9,4337579.950562795,-6933245.317978021,30
384,,,43,-89.5,5121888.767978503,-7383541.976032936,11
385,,,43.6,-116.4,5187682.367855,-9543469.31887988,30
386,,,30,-90.1,3643853.5640796954,-8260446.435593734,30
388,,,28.6,-81.3,3479544.8997717835,-7517450.25619643,30
389,,,35.6,-78.4,4291901.349772842,-6910983.26337402,11
390,,,35.1,-79.4,4234682.321429716,-7026207.912599651,11
391,,,35.9,-78.7,4326168.419072049,-6921134.145376457,21
392,,,40.7,-124.2,4867490.986514479,-10479716.245408788,13
393,,,41.8,-74.2,4989585.492155518,-6195155.546427668,12
395,,,32.2,-111,3900269.037317044,-10030963.527562322,23
396,,,42.9,-89.2,5110899.726537222,-7366294.044189207,11
397,,,33.7,-116.7,4073772.0673866183,-10435197.950968355,11
398,,,44.6,-123.2,5296794.158706936,-9994317.196287306,11
399,,,36.3,-94.2,4371781.835374494,-8257980.2345798975,21
400,,,43,-78.8,5121888.767978503,-6500816.845937378,30
401,,,40,-105.1,4789399.149897031,-8925896.207111942,23
402,,,38.7,-85.2,4643579.433349574,-7320520.951722136,11
403,,,40.3,-74.9,4822904.1974516725,-6343523.926024534,13
404,,,39.4,-77.3,4722224.088198904,-6600708.514377638,22
405,,,38.9,-77,4666079.097486394,-6604366.283218202,30
406,,,45.6,-84.5,5405209.441916061,-6779855.338302593,11
407,,,38.2,-122.7,4587227.316813161,-10588335.923289033,11
408,,,43.8,-72.2,5209559.543844553,-5907197.122261253,11
409,,,35.8,-78.9,4314751.463942467,-6944184.131707134,12
410,,,36.1,-79.1,4348986.041640936,-6945312.527867,22
411,,,42.4,-71.1,5055855.158535961,-5901230.824225093,30
412,,,40.7,-74,4867490.986514479,-6243953.318520533,30
413,,,33.1,-117.2,4004504.3588311593,-10525082.360030636,30
414,,,46.6,-122.3,5512909.179936818,-9701467.009203823,11
415,,,41.7,-72.2,4978517.873315134,-6034056.335084804,21
416,,,35.9,-78.4,4326168.419072049,-6894751.168964603,11
417,,,38.1,-78.5,4575939.381994569,-6779924.323388677,11
418,,,35.6,-82.7,4291901.349772842,-7290029.539298873,11
419,,,29.8,-95.7,3620433.426581932,-8784814.744281814,30
420,,,36.2,-86.7,4360386.675514761,-7606569.989973959,21
421,,,34.2,-84.1,4131356.186610764,-7492657.307802664,11
422,,,40.4,-80.1,4834060.209486077,-6777636.3409383055,30
423,,,41.3,-89.1,4934183.275767386,-7475325.954156126,11
424,,,35.9,-79.1,4326168.419072049,-6956311.447258928,12
425,,,35.9,-79,4326168.419072049,-6947517.121788312,21
426,,,39,-95.8,4677320.035485608,-8209616.398229494,21
427,,,39.3,-76.7,4711007.064735232,-6555338.294081018,30
428,,,31.7,-82.9,3842191.256225161,-7517013.312733403,11
429,,,36.2,-78.7,4360386.675514761,-6904695.019734147,11
430,,,43,-78.9,5121888.767978503,-6509066.613508364,30
431,,,36,-94.6,4337579.950562795,-8312864.475040819,11
432,,,34.1,-117.6,4119849.5791734387,-10484980.475794857,30
433,,,38.2,-78.4,4587227.316813161,-6765489.294098291,13
434,,,39.4,-86,4722224.088198904,-7343608.437729326,11
435,,,35.9,-78.9,4326168.419072049,-6938722.796317693,21
436,,,47.7,-122.2,5630529.2916253945,-9568086.02075503,30
437,,,37.4,-79.2,4496762.482863402,-6880924.232276602,21
438,,,36.3,-115.2,4371781.835374494,-10098931.242288793,30
439,,,42.8,-74.8,5099904.036616813,-6183390.816076784,11
440,,,35.2,-82.1,4246136.773848659,-7259568.852863428,11
441,,,37.8,-122.3,4542040.864253972,-10589845.433414381,30
442,,,37.1,-122,4462744.02651625,-10625789.98238774,12
443,,,34.8,-81.2,4200287.290140791,-7201906.584266991,11
444,,,33.4,-95.9,4039160.7572465204,-8593852.113357497,11
445,,,46.2,-123.2,5469916.3826618055,-9818023.62881203,12
446,,,35.8,-78.7,4314751.463942467,-6926581.637076698,12
447,,,29.7,-82.3,3608716.7046406446,-7559443.311217481,12
448,,,43.1,-87.9,5132871.142571277,-7244134.710897144,30
450,,,34.3,-83,4142857.652928049,-7389181.099056893,11
451,,,40.2,-74.7,4811742.005070374,-6332437.77528684,30
452,,,39,-77,4677320.035485608,-6598543.451604083,30
453,,,42.3,-71.2,5044826.500767855,-5915426.608211903,30
454,,,42.3,-73.4,5044826.500767855,-6098206.643858899,11
455,,,35.9,-78.4,4326168.419072049,-6894751.168964603,11
456,,,29.7,-91.3,3608716.7046406446,-8386113.904181724,22
457,,,35.2,-80.8,4246136.773848659,-7144618.310735261,30
458,,,35.7,-78.6,4303329.101929989,-6923204.887550894,21
459,,,29.6,-82.4,3596995.5683894837,-7573304.111771072,11
460,,,33.7,-84.4,4073772.0673866183,-7546964.0707945945,30
461,,,37.8,-78.5,4542040.864253972,-6797243.389395168,12
462,,,41.5,-75.7,4956363.362991374,-6338860.516265828,21
463,,,42.2,-77.8,5033791.304144005,-6470192.463917614,11
464,,,41.7,-72.9,4978517.873315134,-6092558.266311389,23
465,,,35.8,-78.8,4314751.463942467,-6935382.884391915,30
466,,,39.5,-84.7,4733435.0894455165,-7226106.7580826385,12
467,,,42.3,-71.1,5044826.500767855,-5907118.424773402,30
468,,,41.3,-72.9,4934183.275767386,-6116175.780673195,30
469,,,33.7,-90.7,4073772.0673866183,-8110303.805936846,11
470,,,26.6,-81.9,3243387.025495487,-7659243.755348806,30
471,,,39.4,-77.5,4722224.088198904,-6617786.673535147,11
472,,,35.1,-80.7,4234682.321429716,-7141246.581193853,11
473,,,45.6,-110.6,5405209.441916061,-8873988.170606706,11
474,,,35.2,-80.8,4246136.773848659,-7144618.310735261,30
475,,,41.9,-88.8,5000646.662737804,-7406890.04932469,11
476,,,41.9,-87.9,5000646.662737804,-7331820.217743697,30
478,,,43.4,-87.9,5165778.08113223,-7221787.962540882,21
479,,,34,-81,4108337.84708608,-7227107.781522834,30
480,,,43.9,-91.6,5220487.918857972,-7486568.078017299,11
481,,,36.2,-79,4360386.675514761,-6931015.33111814,11
482,,,37.2,-82.5,4474089.16076935,-7179541.977482273,11
483,,,35.9,-78.5,4326168.419072049,-6903545.49443522,12
484,,,35.7,-78.6,4303329.101929989,-6923204.887550894,21
485,,,45.5,-122.8,5394399.796378014,-9863877.768527476,30
486,,,40.7,-74.3,4867490.986514479,-6269266.642784806,30
487,,,39.2,-78.1,4699784.036510026,-6680947.407173116,11
488,,,44.9,-93.2,5329392.73674441,-7536030.013023882,30
489,,,30.2,-97.7,3667255.8538518026,-8945959.050626362,21
490,,,46.7,-92.1,5523639.055615067,-7297355.111354996,30
491,,,42.7,-82.9,5088901.716558093,-6859918.49324919,11
492,,,42.4,-71.1,5055855.158535961,-5901230.824225093,30
493,,,35.8,-81.3,4314751.463942467,-7155414.06727237,12
494,,,38,-84.5,4564645.650180879,-7304366.8865237525,30
495,,,42.3,-83.3,5044826.500767855,-6920716.804270386,30
496,,,37.9,-122.3,4553346.138548651,-10580876.629869564,30
497,,,43.1,-92.3,5132871.142571277,-7606753.51326287,11
498,,,37.4,-122.1,4496762.482863402,-10608091.52475976,30
499,,,41.5,-75.6,4956363.362991374,-6330486.856402861,11
500,,,30.8,-96.3,3737354.363568451,-8784005.680882977,11
501,,,40,-75.8,4789399.149897031,-6437516.0085545685,21
502,,,42.4,-71.1,5055855.158535961,-5901230.824225093,30
503,,,35,-80.8,4223222.5789299365,-7155556.653161242,21
504,,,32.8,-105.8,3969803.3130784915,-9521414.006492386,11
505,,,45.6,-122.7,5405209.441916061,-9844831.361061871,30
506,,,29.7,-82.3,3608716.7046406446,-7559443.311217481,12
507,,,45.8,-87.1,5426807.248270849,-6972771.813819552,12
508,,,37.3,-121.9,4485428.651890568,-10599528.893451076,30
509,,,37.8,-122.2,4542040.864253972,-10581186.524638083,30
510,,,39.7,-105,4755838.955352894,-8941817.630912649,30
511,,,34.7,-86.7,4188811.7770359707,-7695527.243883815,11
512,,,44.5,-73.2,5285914.011212909,-5944591.865513073,23
513,,,38.5,-121.7,4621056.167222766,-10474888.272187825,11
514,,,37.6,-122,4519413.09620004,-10581686.551211907,12
515,,,35.8,-78.8,4314751.463942467,-6935382.884391915,30
516,,,26.8,-80.7,3267075.5754387085,-7538800.941173605,12
517,,,36,-97,4337579.950562795,-8523761.67102494,11
518,,,35.2,-79,4246136.773848659,-6985456.021634724,11
519,,,38.8,-104.8,4654832.224325931,-8996703.063774483,30
520,,,43.4,-71.6,5165778.08113223,-5882594.062775053,11
521,,,42.4,-71.1,5055855.158535961,-5901230.824225093,30
522,,,40.3,-79.6,4822904.1974516725,-6741582.1697136555,11
523,,,40.8,-77.8,4878622.100046948,-6558411.2826783545,12
524,,,46.9,-114,5545076.6816602675,-9011457.641901707,11
525,,,41.6,-91,4967443.824256047,-7612650.454633155,11
526,,,33.8,-112,4085299.0747620966,-10007654.374883624,12
527,,,35.9,-79,4326168.419072049,-6947517.121788312,21
528,,,32.4,-80.7,3923466.5605251505,-7282770.237447507,22
529,,,35.8,-78.6,4314751.463942467,-6917780.38976148,30
530,,,47.6,-122.4,5619873.989038884,-9595306.447247192,30
531,,,34,-84.2,4108337.84708608,-7512623.150669415,21
532,,,43.7,-93,5198624.35397517,-7616975.256731236,11
533,,,40.1,-83,4800573.6500055995,-7042527.269713149,30
534,,,35.8,-78.8,4314751.463942467,-6935382.884391915,30
535,,,42.8,-71.6,5099904.036616813,-5918860.727688473,12
536,,,28,-82.4,3408869.9392443006,-7645895.874407507,30
537,,,45.5,-122.6,5394399.796378014,-9847812.821021732,30
539,,,38.8,-90.6,4654832.224325931,-7777684.137194352,30
540,,,37,-122,4451393.266128351,-10634535.167662032,12
541,,,35.8,-78.6,4314751.463942467,-6917780.38976148,30
542,,,36.6,-93.3,4405934.302497934,-8159363.958971904,11
543,,,39.6,-79.1,4744640.050997059,-6742266.749318294,11
544,,,38.6,-90.2,4632320.741881084,-7756893.612147687,30
545,,,39,-76.7,4677320.035485608,-6572834.840753675,21
546,,,34.4,-119.8,4154353.9616393317,-10657421.74793539,10
547,,,33.9,-84.3,4096821.006802832,-7527054.779813974,30
548,,,31.1,-97.4,3772341.8763246927,-8867006.670273637,11
549,,,30.4,-97.7,3690640.1686725584,-8934619.369548444,30
550,,,27.3,-82.5,3326227.391382022,-7685662.344589234,30
551,,,37.7,-78.7,4530729.844432588,-6820316.333829544,11
552,,,37.9,-122.1,4553346.138548651,-10563573.479207471,12
553,,,33.8,-118.4,4085299.0747620966,-10579520.339162689,30
554,,,44.5,-73.2,5285914.011212909,-5944591.865513073,23
555,,,37.8,-88.4,4542040.864253972,-7654475.358248827,11
556,,,36,-79.8,4337579.950562795,-7012331.766472065,21
557,,,38.1,-122.3,4575939.381994569,-10562862.990451403,11
558,,,34.1,-118.3,4119849.5791734387,-10547391.073865065,30
559,,,43.1,-75.3,5132871.142571277,-6205726.322304379,21
560,,,36.1,-80.3,4348986.041640936,-7050677.572537549,21
561,,,36.1,-87.2,4348986.041640936,-7656526.579393204,11
562,,,43,-89.6,5121888.767978503,-7391791.743603922,11
563,,,45.5,-122.7,5394399.796378014,-9855845.294774605,30
564,,,27.3,-80.3,3326227.391382022,-7480711.348733522,21
565,,,35,-78.9,4223222.5789299365,-6987294.80116859,30
566,,,30.5,-97.9,3702325.5456642844,-8947198.61834568,12
567,,,29.8,-95.4,3620433.426581932,-8757276.140067765,30
569,,,39.7,-75.6,4755838.955352894,-6438108.694257106,30
570,,,40.2,-75,4811742.005070374,-6357869.252296024,21
571,,,35.9,-78.6,4326168.419072049,-6912339.819905838,21
572,,,35.9,-83.9,4326168.419072049,-7378439.069848599,11
573,,,44.9,-93.2,5329392.73674441,-7536030.013023882,30
574,,,28.6,-81.4,3479544.8997717835,-7526696.812477116,30
575,,,43,-89.7,5121888.767978503,-7400041.51117491,11
576,,,38.8,-104.9,4654832.224325931,-9005287.704102512,11
577,,,36.1,-75.7,4348986.041640936,-6646778.234633779,10
578,,,35.9,-79.1,4326168.419072049,-6956311.447258928,12
579,,,33.2,-97.1,4016061.474201256,-8713823.85358606,30
580,,,25.6,-80.4,3124711.063928323,-7558964.37215605,30
581,,,36.3,-78.6,4371781.835374494,-6890416.62885329,12
582,,,32.4,-97.3,3923466.5605251505,-8780836.9777403,12
583,,,33.5,-117.6,4050702.892244759,-10530879.690391188,11
584,,,31.4,-109.9,3807287.6516554896,-9985211.843008319,11
585,,,42.4,-71,5055855.158535961,-5892930.921518729,30
586,,,28,-82.7,3408869.9392443006,-7673732.873950253,30
587,,,33.5,-112,4050702.892244759,-10029409.22894399,30
588,,,27.6,-80.4,3361670.160740311,-7477388.745605864,21
589,,,38.1,-81.1,4575939.381994569,-7004482.326456326,11
590,,,29.7,-82.4,3608716.7046406446,-7568628.540028195,21
591,,,40.8,-91.2,4878622.100046948,-7688009.11285689,11
592,,,43.1,-75.3,5132871.142571277,-6205726.322304379,21
593,,,42.8,-88.9,5099904.036616813,-7348976.518037783,11
594,,,34.1,-118.4,4119849.5791734387,-10556306.873589383,30
595,,,42.1,-72.6,5022749.586837975,-6043718.17077541,30
596,,,42.1,-88,5022749.586837975,-7325718.994879284,30
597,,,32,-81.1,3877052.25561923,-7338925.113898343,30
598,,,36.2,-81.8,4360386.675514761,-7176671.570702073,11
599,,,44.4,-89.7,5275026.917762738,-7292396.4973362945,11
600,,,35.7,-78.8,4303329.101929989,-6940821.184974686,21
601,,,35.3,-82,4257585.919552411,-7245151.048072947,11
602,,,29.7,-82.4,3608716.7046406446,-7568628.540028195,21
603,,,33.6,-117.9,4062240.00108359,-10550134.376411809,30
604,,,37.3,-90.1,4485428.651890568,-7834434.399507317,11
606,,,44.9,-93.3,5329392.73674441,-7544115.8821365675,30
607,,,44.9,-93.2,5329392.73674441,-7536030.013023882,30
608,,,39.1,-94.6,4688555.02095648,-8099608.442773207,30
609,,,33,-96.7,3992942.2826557155,-8690234.934095955,30
610,,,43.4,-124.2,5165778.08113223,-10204164.561405886,10
611,,,41.8,-71.4,4989585.492155518,-5961376.091845492,30
612,,,44.5,-73.1,5285914.011212909,-5936470.838374393,21
613,,,35.6,-82.6,4291901.349772842,-7281214.5096262,21
614,,,31.2,-97.3,3783995.126970665,-8852091.569043215,13
615,,,47.7,-122.2,5630529.2916253945,-9568086.02075503,30
616,,,35.2,-92.6,4246136.773848659,-8188015.539283232,11
617,,,40.8,-73.9,4878622.100046948,-6229647.735089081,30
618,,,35.1,-80.7,4234682.321429716,-7141246.581193853,11
619,,,42.6,-70.9,5077892.78467351,-5872843.339283241,12
620,,,46.4,-117,5491427.401177935,-9302541.32975124,23
621,,,41.6,-74.1,4967443.824256047,-6198872.513058426,12
622,,,33.3,-108.7,4027613.6124500223,-9747866.009485506,11
623,,,31.7,-93.2,3842191.256225161,-8450972.747246718,11
624,,,44.4,-88.5,5275026.917762738,-7194839.35355922,11
625,,,42.4,-71.2,5055855.158535961,-5909530.726931458,30
626,,,32.4,-88.7,3923466.5605251505,-8004730.112287407,21
627,,,36,-78.9,4337579.950562795,-6933245.317978021,30
628,,,32.7,-117.1,3958226.452234754,-10545720.78927272,30
629,,,35.8,-78.8,4314751.463942467,-6935382.884391915,30
630,,,32.9,-97.2,3981375.261976042,-8741325.067090943,30
631,,,35.9,-79.1,4326168.419072049,-6956311.447258928,12
632,,,44.1,-121.3,5242324.149743861,-9893028.64521302,21
633,,,39,-94.7,4677320.035485608,-8115351.491778007,30
634,,,38.5,-122.6,4621056.167222766,-10552352.523995293,11
635,,,32.8,-97.1,3969803.3130784915,-8738462.19310407,30
636,,,32.8,-97.3,3969803.3130784915,-8756461.08536587,30
637,,,41.7,-71.4,4978517.873315134,-5967196.985111566,30
638,,,42.5,-85.5,5066877.25924736,-7089318.4626018265,11
639,,,38.9,-77.2,4666079.097486394,-6621520.481356432,30
640,,,46.1,-123.1,5459149.957149554,-9821267.823375411,11
641,,,32.7,-97.4,3958226.452234754,-8771590.135569284,30
642,,,42.7,-86,5088901.716558093,-7116441.380210257,11
643,,,47.1,-123.1,5566484.676306825,-9707899.642360823,11
644,,,34,-81.1,4108337.84708608,-7236030.136808663,21
645,,,33.9,-84.4,4096821.006802832,-7535983.6704187365,21
646,,,33.9,-83.4,4096821.006802832,-7446694.764371121,12
647,,,32.7,-117.3,3958226.452234754,-10563732.267990522,10
648,,,42.1,-80.1,5022749.586837975,-6668069.221475347,30
649,,,41.8,-91.1,4989585.492155518,-7606181.540155802,11
650,,,34.3,-85.2,4142857.652928049,-7585038.9113210505,11
651,,,38.8,-92,4654832.224325931,-7897869.101786761,11
652,,,35.9,-79.1,4326168.419072049,-6956311.447258928,12
653,,,42.5,-83.7,5066877.25924736,-6940069.652862842,11
654,,,37.8,-122.3,4542040.864253972,-10589845.433414381,30
655,,,33.6,-80.4,4062240.00108359,-7194493.67144622,11
656,,,28.6,-81.5,3479544.8997717835,-7535943.368757798,21
657,,,29.5,-95.1,3585270.0336773014,-8745926.14343469,30
658,,,35.8,-78.5,4314751.463942467,-6908979.142446262,21
659,,,44.1,-91.7,5242324.149743861,-7478901.292382803,11
660,,,45,-93.3,5340244.911544235,-7535864.172213438,30
661,,,40.3,-74.5,4822904.1974516725,-6309646.628689287,11
662,,,29.6,-82.4,3596995.5683894837,-7573304.111771072,11
663,,,42.4,-71.2,5055855.158535961,-5909530.726931458,30
664,,,38.4,-79,4609785.726655623,-6805531.672071496,11
665,,,40.7,-73.5,4867490.986514479,-6201764.444746746,30
666,,,43.3,-88.6,5154815.8175898185,-7286826.72743105,11
667,,,39.9,-75.1,4778218.522360791,-6383903.080339563,30
668,,,40,-75.2,4789399.149897031,-6386559.417457832,30
669,,,64.8,-147.7,7322722.255141754,-8643375.912050042,11
670,,,37.8,-122.4,4542040.864253972,-10598504.342190685,30
671,,,35.7,-80.5,4303329.101929989,-7090559.713076933,12
672,,,43.7,-116.5,5198624.35397517,-9541694.810851494,22
673,,,42.3,-71.1,5044826.500767855,-5907118.424773402,30
674,,,34,-118.5,4108337.84708608,-10572991.01370933,30
675,,,42.2,-83.7,5033791.304144005,-6960862.586502627,21
676,,,39.7,-105,4755838.955352894,-8941817.630912649,30
677,,,37.6,-88.5,4519413.09620004,-7676059.506411917,11
678,,,33,-96.7,3992942.2826557155,-8690234.934095955,30
679,,,36,-78.9,4337579.950562795,-6933245.317978021,30
680,,,39,-94.6,4677320.035485608,-8106781.95482787,30
681,,,32.9,-103.4,3981375.261976042,-9298899.299765468,11
682,,,32.5,-99.7,3935058.0597226513,-8991210.704801576,11
683,,,41.1,-73.8,4911977.755229252,-6203544.570539683,30
684,,,43.1,-88.2,5132871.142571277,-7268858.720149353,11
685,,,43.1,-87.9,5132871.142571277,-7244134.710897144,30
686,,,27.8,-80.5,3385278.2802731628,-7478173.62464581,21
687,,,33,-96.7,3992942.2826557155,-8690234.934095955,30
688,,,30.7,-96.2,3725682.6590776616,-8780553.139127797,11
689,,,40.8,-89.6,4878622.100046948,-7553131.759999751,21
690,,,41.6,-93.5,4967443.824256047,-7821789.203386813,12
691,,,37.4,-77.7,4496762.482863402,-6750603.697574393,21
692,,,35.1,-106.6,4234682.321429716,-9433170.82472447,30
693,,,37.2,-93.3,4474089.16076935,-8119409.290898134,30
694,,,35.8,-78.6,4314751.463942467,-6917780.38976148,30
695,,,42.9,-71.3,5110899.726537222,-5888080.329043616,21
696,,,42.8,-88.8,5099904.036616813,-7340709.952775647,11
697,,,31.3,-85.7,3795643.7240973925,-7791619.175892277,11
698,,,47.1,-122.4,5566484.676306825,-9652696.313769007,30
699,,,35.8,-80.9,4314751.463942467,-7120209.078011498,22
700,,,38,-78.5,4564645.650180879,-6785713.61647473,21
701,,,44.6,-69.3,5296794.158706936,-5621803.4229116095,11
702,,,41,-74.9,4900865.502225984,-6302004.11090638,11
703,,,35.9,-78.6,4326168.419072049,-6912339.819905838,21
704,,,39,-92.4,4677320.035485608,-7918252.141924899,12
705,,,35.4,-97.5,4269029.741889586,-8608012.075847818,30
706,,,37.7,-121.9,4530729.844432588,-10564124.029146392,30
707,,,39.2,-78.1,4699784.036510026,-6680947.407173116,11
708,,,42.4,-71.1,5055855.158535961,-5901230.824225093,30
709,,,39,-77.4,4677320.035485608,-6632821.599404624,30
710,,,41.9,-87.7,5000646.662737804,-7315138.032947921,30
711,,,36.1,-79,4348986.041640936,-6936532.107477789,11
712,,,35.2,-79,4246136.773848659,-6985456.021634724,11
713,,,40.9,-74.8,4889746.944553853,-6299561.151423062,11
714,,,40,-82.9,4789399.149897031,-7040502.3365326375,30
715,,,33.9,-82.4,4096821.006802832,-7357405.858323505,12
716,,,40,-83,4789399.149897031,-7048995.101715426,30
717,,,43.1,-88.1,5132871.142571277,-7260617.383731949,30
718,,,35.2,-80.9,4246136.773848659,-7153460.660129737,30
719,,,42.9,-78.8,5110899.726537222,-6507443.617512438,30
720,,,41.5,-74.9,4956363.362991374,-6271871.237362096,11
721,,,39.7,-105.2,4755838.955352894,-8958849.664495338,11
722,,,35.8,-79.1,4314751.463942467,-6961786.626337568,13
723,,,44.5,-91.2,5285914.011212909,-7406376.750475303,11
724,,,36,-79.1,4337579.950562795,-6950820.08431003,11
725,,,40.4,-78.7,4834060.209486077,-6659175.78067222,11
726,,,35.8,-78.7,4314751.463942467,-6926581.637076698,12
727,,,40,-105.3,4789399.149897031,-8942881.737477522,11
728,,,41.5,-72.7,4956363.362991374,-6087650.720376827,12
729,,,37.9,-122.5,4553346.138548651,-10598179.780531656,23
730,,,35.5,-82.4,4280468.224191657,-7269237.532614235,11
731,,,43.1,-89.4,5132871.142571277,-7367754.757158187,10
732,,,40.1,-88.2,4800573.6500055995,-7483745.845646986,30
733,,,39.7,-80,4755838.955352894,-6812813.4330763025,11
734,,,37.4,-122.2,4496762.482863402,-10616779.560406575,13
736,,,42.2,-72.3,5033791.304144005,-6012788.112355315,11
737,,,41.8,-71.4,4989585.492155518,-5961376.091845492,30
738,,,36.2,-97.1,4360386.675514761,-8519007.451285712,11
739,,,37.5,-121.9,4508090.636651801,-10581876.840291088,11
740,,,42.7,-89.2,5088901.716558093,-7381239.199008777,11
741,,,38.1,-87.6,4575939.381994569,-7565877.334125453,12
742,,,40.7,-112,4867490.986514479,-9450307.725328377,30
743,,,45.9,-89.2,5437595.370609268,-7132820.837521222,11
744,,,39.2,-78.2,4699784.036510026,-6689501.757246323,11
745,,,35.9,-79,4326168.419072049,-6947517.121788312,21
746,,,39.7,-104.9,4755838.955352894,-8933301.614121303,30
747,,,40.9,-96.7,4889746.944553853,-8143951.381585697,11
748,,,27,-82.1,3290748.288407639,-7661159.119141296,23
749,,,33.1,-97,4004504.3588311593,-8711032.328694295,11
750,,,35.2,-79.4,4246136.773848659,-7020825.419212622,12
751,,,37.3,-121.9,4485428.651890568,-10599528.893451076,30
752,,,39.3,-76.6,4711007.064735232,-6546791.568795385,30
753,,,37,-122,4451393.266128351,-10634535.167662032,12
754,,,38.4,-78.9,4609785.726655623,-6796917.075018242,12
755,,,35.9,-78.7,4326168.419072049,-6921134.145376457,21
756,,,42.1,-79.9,5022749.586837975,-6651419.860123349,11
757,,,39.4,-76.6,4722224.088198904,-6540934.957326353,30
758,,,39.7,-79.9,4755838.955352894,-6804297.416284958,11
759,,,32.7,-97.1,3958226.452234754,-8744572.91749258,30
760,,,37.6,-77.5,4519413.09620004,-6721973.014089532,30
761,,,37,-93.4,4451393.266128351,-8141521.185734704,11
762,,,30.7,-96.4,3725682.6590776616,-8798807.927358832,11
763,,,43,-89.5,5121888.767978503,-7383541.976032936,11
764,,,35.8,-81.3,4314751.463942467,-7155414.06727237,12
765,,,41.2,-96,4923083.685704508,-8061947.548687548,30
766,,,42.1,-71.2,5022749.586837975,-5927172.64131142,12
767,,,38,-84.4,4564645.650180879,-7295722.665356271,30
768,,,35.9,-82.1,4326168.419072049,-7220141.211377473,12
769,,,35.9,-79.1,4326168.419072049,-6956311.447258928,12
770,,,35.1,-106.7,4234682.321429716,-9442019.95307787,30
771,,,19.6,-155,2405266.2884382484,-14972041.323373677,11
772,,,45,-93.2,5340244.911544235,-7527787.147377197,30
773,,,32.8,-97.4,3969803.3130784915,-8765460.53149677,30
774,,,35.2,-94.3,4246136.773848659,-8338335.4789892975,12
775,,,42,-87.7,5011701.366996126,-7307950.859700568,30
776,,,35.9,-79.3,4326168.419072049,-6973900.098200167,12
777,,,36.3,-79.4,4371781.835374494,-6960548.09581363,11
778,,,35.6,-78.5,4291901.349772842,-6919798.293046691,13
779,,,39.3,-78.9,4711007.064735232,-6743366.25036496,11
780,,,40.5,-105,4845210.023486283,-8876271.344749654,21
781,,,37.2,-80.4,4474089.16076935,-6996789.999873634,21
782,,,38.8,-77.3,4654832.224325931,-6635926.973566485,30
783,,,45.6,-122.7,5405209.441916061,-9844831.361061871,30
784,,,42.4,-71.2,5055855.158535961,-5909530.726931458,30
785,,,32.7,-97.4,3958226.452234754,-8771590.135569284,30
786,,,33.9,-117.9,4096821.006802832,-10527162.023013853,30
787,,,41.5,-81.7,4956363.362991374,-6841280.108043835,30
788,,,42.9,-112.4,5110899.726537222,-9282191.14985277,12
789,,,30.4,-90.1,3690640.1686725584,-8239602.919102505,21
790,,,40.6,-75.5,4856353.621740942,-6376498.831902703,30
791,,,43,-88,5121888.767978503,-7259795.462468138,30
792,,,36.3,-80.2,4371781.835374494,-7030679.562773968,11
793,,,29.7,-82.4,3608716.7046406446,-7568628.540028195,21
794,,,42.2,-88.3,5033791.304144005,-7343418.953263822,12
795,,,47.7,-122.2,5630529.2916253945,-9568086.02075503,30
796,,,38.5,-92.2,4621056.167222766,-7935782.240720766,12
797,,,33.1,-117.1,4004504.3588311593,-10516101.91433095,30
798,,,45.9,-89.1,5437595.370609268,-7124824.4016047185,11
799,,,39.1,-84.5,4688555.02095648,-7234851.0931748,30
800,,,43,-70.8,5121888.767978503,-5840835.440258456,12
801,,,28.3,-82.3,3444226.2901915736,-7623339.395393584,11
802,,,36,-80,4337579.950562795,-7029906.532804077,21
803,,,47.8,-122.3,5641177.027723767,-9564336.9819914,30
804,,,39.7,-79.9,4755838.955352894,-6804297.416284958,11
805,,,33,-96.8,3992942.2826557155,-8699221.733407326,30
806,,,37.8,-122.4,4542040.864253972,-10598504.342190685,30
807,,,38,-78.5,4564645.650180879,-6785713.61647473,21
808,,,43.9,-70,5220487.918857972,-5721176.478834179,12
809,,,36.3,-119.3,4371781.835374494,-10458355.010460528,30
810,,,35.8,-79,4314751.463942467,-6952985.379022352,11
811,,,38.9,-77.1,4666079.097486394,-6612943.382287317,30
812,,,35.4,-78.6,4269029.741889586,-6939382.042683471,12
813,,,37.8,-122.5,4542040.864253972,-10607163.250966983,10
814,,,40.7,-74,4867490.986514479,-6243953.318520533,30
815,,,36,-75.7,4337579.950562795,-6652049.056665855,13
816,,,34.4,-88.9,4154353.9616393317,-7908554.201932021,11
817,,,35.5,-82.5,4280468.224191657,-7278059.422823717,12
818,,,38.3,-78.5,4598509.437439485,-6768296.869541287,12
819,,,35.7,-78.5,4303329.101929989,-6914396.738838997,11
820,,,35.9,-78.6,4326168.419072049,-6912339.819905838,21
821,,,32.4,-111.1,3923466.5605251505,-10026217.761839129,11
822,,,28,-82,3408869.9392443006,-7608779.875017179,21
823,,,38.1,-78.5,4575939.381994569,-6779924.323388677,11
824,,,37.5,-122.2,4508090.636651801,-10607919.195107229,11
825,,,38.9,-85.9,4666079.097486394,-7367728.1003693985,11
826,,,28.2,-80.6,3432445.012437962,-7470220.954890327,30
827,,,37.8,-122.4,4542040.864253972,-10598504.342190685,30
828,,,38.6,-76.8,4632320.741881084,-6604539.12874659,11
829,,,34.4,-119.8,4154353.9616393317,-10657421.74793539,10
830,,,36,-79.2,4337579.950562795,-6959607.467476036,11
831,,,38.7,-90.5,4643579.433349574,-7775905.471019403,12
832,,,42.5,-71.1,5066877.25924736,-5895327.984689939,30
833,,,42.2,-122.7,5033791.304144005,-10204275.261217112,23
834,,,36.9,-86.4,4440036.896583445,-7537518.453197713,12
835,,,38.8,-121,4654832.224325931,-10387414.796915196,11
836,,,39,-77.3,4677320.035485608,-6624252.062454487,21
837,,,40.8,-83.8,4878622.100046948,-7064201.355892624,11
838,,,43.2,-87.9,5143846.831917414,-7236704.772099212,21
839,,,40,-75.2,4789399.149897031,-6386559.417457832,30
840,,,36.7,-93.2,4417307.397838103,-8144014.629473135,12
841,,,45.5,-122.7,5394399.796378014,-9855845.294774605,30
842,,,38.4,-85.4,4609785.726655623,-7356865.8834798215,12
843,,,42.9,-71.4,5110899.726537222,-5896338.506223201,12
844,,,39.7,-86.1,4755838.955352894,-7332290.457348371,30
845,,,39.1,-77.1,4688555.02095648,-6601266.500399729,30
846,,,33.2,-111.7,4016061.474201256,-10024038.356802918,12
847,,,34.1,-118.3,4119849.5791734387,-10547391.073865065,30
848,,,38.1,-81,4575939.381994569,-6995845.480184495,11
849,,,40.3,-76.8,4822904.1974516725,-6504441.0883669425,30
850,,,40.7,-111.8,4867490.986514479,-9433432.17581886,30
851,,,34,-118.5,4108337.84708608,-10572991.01370933,30
852,,,44.6,-123.3,5296794.158706936,-10002429.466738837,23
853,,,35.8,-78.8,4314751.463942467,-6935382.884391915,30
854,,,45.5,-94.1,5394399.796378014,-7558557.801453058,11
855,,,37.3,-107.9,4485428.651890568,-9382191.694859486,11
856,,,42.1,-93.6,5022749.586837975,-7791901.112735237,11
857,,,35.8,-78.7,4314751.463942467,-6926581.637076698,12
858,,,42.4,-71.1,5055855.158535961,-5901230.824225093,30
859,,,34.6,-87.1,4177331.040219622,-7736847.288252593,12
860,,,44.9,-91.4,5329392.73674441,-7390484.368995524,21
861,,,40,-105.4,4789399.149897031,-8951374.502660314,11
862,,,37.9,-122.3,4553346.138548651,-10580876.629869564,30
863,,,45.7,-92.5,5416011.932287587,-7413411.618590538,11
864,,,47.7,-122.4,5630529.2916253945,-9583745.73600995,30
865,,,21.4,-157.7,2622329.9294604235,-15122464.422112122,10
866,,,43.1,-89.5,5132871.142571277,-7375996.09357559,30
867,,,42.5,-70.9,5066877.25924736,-5878744.783607831,30
868,,,40.2,-105.3,4811742.005070374,-8926448.43022362,11
869,,,41.7,-71.8,4978517.873315134,-6000626.660098185,12
870,,,40,-75.7,4789399.149897031,-6429023.243371779,23
871,,,32.7,-80,3958226.452234754,-7204591.487120561,11
872,,,39,-77.1,4677320.035485608,-6607112.988554216,30
873,,,38.1,-122.3,4575939.381994569,-10562862.990451403,11
874,,,41.2,-73.2,4923083.685704508,-6147235.005874256,30
875,,,33.7,-82,4073772.0673866183,-7332358.457407071,11
876,,,25.7,-80.4,3136595.895576165,-7555035.15796457,30
877,,,35.9,-78.7,4326168.419072049,-6921134.145376457,21
878,,,33.4,-111.9,4039160.7572465204,-10027654.342906196,30
879,,,41.9,-87.6,5000646.662737804,-7306796.940550032,10
880,,,35.1,-106.7,4234682.321429716,-9442019.95307787,30
881,,,39,-77.1,4677320.035485608,-6607112.988554216,30
882,,,48.1,-122.9,5673074.636792467,-9576185.299795082,10
883,,,36,-79,4337579.950562795,-6942032.701144025,12
884,,,40.6,-105.1,4856353.621740942,-8876424.201761248,12
885,,,31.1,-84.8,3772341.8763246927,-7719940.098965136,11
886,,,39.2,-76.9,4699784.036510026,-6578295.206294658,21
887,,,37,-122,4451393.266128351,-10634535.167662032,12
888,,,45.5,-122.5,5394399.796378014,-9839780.347268859,30
889,,,33.9,-86.8,4096821.006802832,-7750277.044933013,11
890,,,33,-80.1,3992942.2826557155,-7198426.2484083325,21
891,,,39.3,-94.9,4711007.064735232,-8110842.296066346,12
892,,,42.6,-88.4,5077892.78467351,-7322416.801024521,11
893,,,33.4,-111.5,4039160.7572465204,-9991809.287167475,11
894,,,42.4,-71.1,5055855.158535961,-5901230.824225093,30
895,,,42.4,-71.1,5055855.158535961,-5901230.824225093,30
896,,,40.9,-80.8,4889746.944553853,-6804873.543248441,12
897,,,39,-77.1,4677320.035485608,-6607112.988554216,30
898,,,38.1,-79,4575939.381994569,-6823108.55474784,11
899,,,37.8,-122.4,4542040.864253972,-10598504.342190685,30
900,,,43.1,-76.3,5132871.142571277,-6288139.686478408,11
901,,,44,-123.1,5231409.460379818,-10050478.971993709,21
902,,,39.1,-77.2,4688555.02095648,-6609828.45435615,30
903,,,36.1,-79.1,4348986.041640936,-6945312.527867,22
904,,,35.2,-80.8,4246136.773848659,-7144618.310735261,30
905,,,43,-71.5,5121888.767978503,-5898583.813255363,21
906,,,30.3,-97.7,3678950.266090381,-8940298.924264342,30
907,,,37.8,-122.4,4542040.864253972,-10598504.342190685,30
908,,,33.7,-117.9,4073772.0673866183,-10542500.75766212,30
909,,,39.8,-84.1,4767031.784989593,-7155469.582152079,21
910,,,42.2,-71.2,5033791.304144005,-5921307.242042855,23
911,,,41.8,-79.8,4989585.492155518,-6662714.4555920195,11
912,,,42.6,-71.8,5077892.78467351,-5947392.831601364,21
913,,,29.8,-95.4,3620433.426581932,-8757276.140067765,30
914,,,35.8,-78.6,4314751.463942467,-6917780.38976148,30
915,,,30.5,-97.7,3702325.5456642844,-8928920.378063051,30
916,,,40.3,-75.3,4822904.1974516725,-6377401.223359777,11
917,,,35.3,-80.7,4257585.919552411,-7130288.897310815,30
918,,,41.3,-73.8,4934183.275767386,-6191684.123644468,23
919,,,37.2,-93.1,4474089.16076935,-8102004.340649694,12
920,,,37.6,-122.3,4519413.09620004,-10607707.09191161,10
921,,,37.2,-80.4,4474089.16076935,-6996789.999873634,21
922,,,40.4,-79.9,4834060.209486077,-6760713.403757438,30
923,,,38.6,-121.7,4632320.741881084,-10465786.614172658,11
924,,,36.3,-115.3,4371781.835374494,-10107697.675658835,30
925,,,32.9,-79.8,3981375.261976042,-7176519.9624882415,22
926,,,40.7,-74,4867490.986514479,-6243953.318520533,30
927,,,40.7,-74,4867490.986514479,-6243953.318520533,30
928,,,40,-86.2,4789399.149897031,-7320763.587564696,12
929,,,40.3,-74.8,4822904.1974516725,-6335054.601690722,11
930,,,42.5,-71.1,5066877.25924736,-5895327.984689939,30
931,,,38.3,-122.5,4598509.437439485,-10561991.930175895,23
932,,,41,-80.6,4900865.502225984,-6781595.87902609,21
933,,,40.7,-74,4867490.986514479,-6243953.318520533,30
934,,,41.6,-93.6,4967443.824256047,-7830154.753336959,30
935,,,48.5,-111.9,5715497.632795169,-8676146.23865337,11
936,,,33.2,-86.6,4016061.474201256,-7771546.299902707,11
937,,,40.7,-74,4867490.986514479,-6243953.318520533,30
938,,,43.9,-88.5,5220487.918857972,-7233201.691097499,11
939,,,41.9,-71.4,5000646.662737804,-5955539.972092151,30
940,,,32.8,-117.2,3969803.3130784915,-10547350.865415005,30
941,,,37.5,-120.9,4508090.636651801,-10495068.99090396,11
942,,,40,-105.3,4789399.149897031,-8942881.737477522,11
943,,,42.1,-70.7,5022749.586837975,-5885549.237931425,21
944,,,37.3,-79.9,4485428.651890568,-6947517.297676302,21
945,,,40.1,-105.4,4800573.6500055995,-8943161.135274287,11
946,,,35.8,-78.8,4314751.463942467,-6935382.884391915,30
947,,,39.1,-78,4688555.02095648,-6678324.0860075075,11
948,,,29.7,-82.3,3608716.7046406446,-7559443.311217481,12
949,,,40.7,-80.1,4867490.986514479,-6758657.578560738,21
950,,,42,-87.7,5011701.366996126,-7307950.859700568,30
951,,,40.8,-74.4,4878622.100046948,-6271796.907856937,21
952,,,37,-122,4451393.266128351,-10634535.167662032,12
953,,,40.1,-105.3,4800573.6500055995,-8934676.162660176,11
954,,,35.6,-101.6,4291901.349772842,-8956070.14743368,11
955,,,28.2,-82.2,3432445.012437962,-7618513.18228269,21
956,,,46,-114.2,5448376.28001117,-9121577.835983109,11
957,,,32.3,-111,3911870.2143233693,-10024089.533503005,30
958,,,45.6,-122.7,5405209.441916061,-9844831.361061871,30
959,,,42.4,-71.1,5055855.158535961,-5901230.824225093,30
960,,,46.5,-87.4,5502171.955276261,-6941058.154020014,11
961,,,40.1,-105.3,4800573.6500055995,-8934676.162660176,11
962,,,21.3,-157.7,2610296.658087993,-15128854.961288149,21
963,,,45.6,-122.4,5405209.441916061,-9820760.868736539,21
964,,,33.3,-95.4,4027613.6124500223,-8555164.832611933,11
965,,,35.8,-78.7,4314751.463942467,-6926581.637076698,12
966,,,42.4,-71.2,5055855.158535961,-5909530.726931458,30
967,,,38.9,-77,4666079.097486394,-6604366.283218202,30
968,,,40.1,-105.2,4800573.6500055995,-8926191.190046065,12
969,,,39.8,-86.1,4767031.784989593,-7325635.327268656,30
970,,,34.2,-88.4,4131356.186610764,-7875753.935906724,11
971,,,36.1,-97.1,4348986.041640936,-8525788.19792523,21
972,,,37.8,-122.4,4542040.864253972,-10598504.342190685,30
973,,,42.7,-92.6,5088901.716558093,-7662586.881482204,11
974,,,46.3,-119.3,5480675.537149458,-9496332.070842506,23
975,,,36,-78.9,4337579.950562795,-6933245.317978021,30
976,,,35.8,-78.7,4314751.463942467,-6926581.637076698,12
977,,,33.2,-97.1,4016061.474201256,-8713823.85358606,30
978,,,36.2,-76.7,4360386.675514761,-6729226.2771741925,12
979,,,35.8,-78.7,4314751.463942467,-6926581.637076698,12
980,,,41.9,-87.6,5000646.662737804,-7306796.940550032,10
981,,,30.2,-97.9,3667255.8538518026,-8964272.17048435,21
982,,,43.8,-88.5,5209559.543844553,-7240816.41717619,12
983,,,41.7,-76.7,4978517.873315134,-6410140.178684273,11
984,,,47.9,-97,5651817.177324592,-7576572.780723531,11
985,,,36.3,-94,4371781.835374494,-8240447.367839812,11
986,,,40.8,-77.9,4878622.100046948,-6566841.117231926,30
987,,,40.5,-112,4845210.023486283,-9468022.767732963,23
988,,,40.7,-74,4867490.986514479,-6243953.318520533,30
989,,,40,-105.3,4789399.149897031,-8942881.737477522,11
990,,,44,-123.1,5231409.460379818,-10050478.971993709,21
991,,,41,-74.5,4900865.502225984,-6268348.548231311,12
992,,,36.4,-94.8,4383171.504392177,-8303919.829597892,11
993,,,37.7,-97.2,4530729.844432588,-8423567.314462917,21
994,,,41.8,-72.4,4989585.492155518,-6044868.754196269,12
995,,,35.6,-97.7,4291901.349772842,-8612283.990199514,11
996,,,31.9,-81.3,3865436.6832570103,-7362009.409022292,11
997,,,42.4,-74.9,5055855.158535961,-6216627.127066943,11
998,,,37.3,-120.5,4485428.651890568,-10477795.173591917,30
999,,,42.5,-83,5066877.25924736,-6882028.449075459,30
1000,,,39,-77.2,4677320.035485608,-6615682.5255043525,21
1001,,,40.8,-74,4878622.100046948,-6238077.569642651,30
1002,,,38.3,-81.6,4598509.437439485,-7035579.930631453,12
1003,,,42.4,-71.1,5055855.158535961,-5901230.824225093,30
1004,,,41.5,-87.7,4956363.362991374,-7343699.69982184,30
1005,,,40.2,-74,4811742.005070374,-6273097.662265411,30
1006,,,40.1,-79,4800573.6500055995,-6703128.36514866,11
1007,,,38,-84.5,4564645.650180879,-7304366.8865237525,30
1008,,,43.2,-78.7,5143846.831917414,-6479279.471720228,12
1009,,,40.1,-77.1,4800573.6500055995,-6541913.885480527,11
1010,,,30.4,-88.2,3690640.1686725584,-8065848.806491021,11
1011,,,41.8,-87.6,4989585.492155518,-7313957.221928081,30
1012,,,33.4,-111.9,4039160.7572465204,-10027654.342906196,30
1013,,,25.7,-80.3,3136595.895576165,-7545638.348066604,30
1014,,,37.3,-121.8,4485428.651890568,-10590833.627746852,30
1015,,,37.8,-80.4,4542040.864253972,-6961762.656144861,11
1016,,,33.9,-84.3,4096821.006802832,-7527054.779813974,30
1017,,,35.8,-78.7,4314751.463942467,-6926581.637076698,12
1018,,,34.8,-79.5,4200287.290140791,-7051127.7518377565,11
1019,,,35.8,-78.8,4314751.463942467,-6935382.884391915,30
1020,,,40.3,-111.7,4822904.1974516725,-9460235.280867027,30
1021,,,35.8,-78.8,4314751.463942467,-6935382.884391915,30
1022,,,39.5,-80.1,4733435.0894455165,-6833661.762956544,12
1023,,,39.9,-83.1,4778218.522360791,-7063946.018325136,30
1024,,,29.7,-82.3,3608716.7046406446,-7559443.311217481,12
1025,,,36.7,-97.1,4417307.397838103,-8484804.941221474,23
1026,,,35.1,-80.9,4234682.321429716,-7158944.8379006535,11
1027,,,40.2,-80.2,4811742.005070374,-6798681.520455214,11
1028,,,41.4,-81.9,4945276.507508117,-6864652.02348151,30
1029,,,42.1,-76.8,5022749.586837975,-6393354.759167375,23
1030,,,40,-83.1,4789399.149897031,-7057487.866898215,30
1031,,,40.6,-79.7,4856353.621740942,-6731217.97222047,12
1032,,,42.3,-83.6,5044826.500767855,-6945641.354585884,11
1033,,,38.9,-76.5,4666079.097486394,-6561480.78787263,21
1034,,,40.7,-74.4,4867490.986514479,-6277704.417539563,30
1035,,,40.8,-74,4878622.100046948,-6238077.569642651,30
1036,,,41.4,-75.6,4945276.507508117,-6336601.867829085,11
1037,,,39.1,-92.4,4688555.02095648,-7911245.455731972,12
1038,,,40.8,-111.9,4878622.100046948,-9432984.865446119,11
1039,,,33.6,-117.9,4062240.00108359,-10550134.376411809,30
1040,,,32.7,-97.4,3958226.452234754,-8771590.135569284,30
1041,,,41.5,-81.8,4956363.362991374,-6849653.767906801,30
1042,,,38.6,-121.8,4632320.741881084,-10474386.274496546,11
1043,,,37.4,-122.1,4496762.482863402,-10608091.52475976,30
1044,,,29,-81.9,3526576.937085032,-7554892.030637449,11
1045,,,42.5,-71.4,5066877.25924736,-5920202.786313104,12
1046,,,30.3,-89.7,3678950.266090381,-8208237.599861939,12
1047,,,39.1,-104.8,4688555.02095648,-8972927.746328035,12
1048,,,42,-87.7,5011701.366996126,-7307950.859700568,30
1049,,,35.2,-97.4,4246136.773848659,-8612448.310218003,21
1050,,,36,-78.9,4337579.950562795,-6933245.317978021,30
1051,,,37.1,-93.5,4462744.02651625,-8143535.765190605,11
1052,,,40.8,-74.2,4878622.100046948,-6254937.238749794,30
1053,,,47.7,-122.3,5630529.2916253945,-9575915.87838249,30
1054,,,32.7,-80,3958226.452234754,-7204591.487120561,11
1055,,,40.8,-74,4878622.100046948,-6238077.569642651,30
1056,,,40.8,-96.7,4878622.100046948,-8151650.013303304,30
1057,,,44.1,-70.2,5242324.149743861,-5725396.627320314,23
1058,,,37.3,-121.9,4485428.651890568,-10599528.893451076,30
1059,,,32.7,-110.6,3958226.452234754,-9960347.730944173,11
1060,,,40.6,-74,4856353.621740942,-6249813.424646358,30
1061,,,34,-118.5,4108337.84708608,-10572991.01370933,30
1062,,,36.1,-79.1,4348986.041640936,-6945312.527867,22
1063,,,40.3,-76.9,4822904.1974516725,-6512910.4127007555,30
1064,,,41.3,-105.6,4934183.275767386,-8859645.57529615,12
1065,,,41.4,-73.4,4945276.507508117,-6152203.400775858,12
1066,,,33.5,-82.1,4050702.892244759,-7351915.15800269,23
1067,,,42.3,-71.2,5044826.500767855,-5915426.608211903,30
1068,,,42.8,-84.4,5099904.036616813,-6976981.081241719,11
1069,,,39.2,-76.7,4699784.036510026,-6561186.506148245,11
1070,,,35.9,-78.6,4326168.419072049,-6912339.819905838,21
1071,,,43.5,-87.9,5176733.604059025,-7214301.057720079,11
1072,,,41.1,-74.4,4911977.755229252,-6253979.892251388,12
1073,,,40.8,-74,4878622.100046948,-6238077.569642651,30
1074,,,33.4,-111.9,4039160.7572465204,-10027654.342906196,30
1075,,,40.1,-85.7,4800573.6500055995,-7271621.530294179,23
1076,,,41.7,-71.5,4978517.873315134,-5975554.403858221,30
1077,,,35.9,-85,4326168.419072049,-7475176.6500253985,11
1078,,,41,-76.6,4900865.502225984,-6445040.252275416,11
1079,,,38.6,-121.5,4632320.741881084,-10448587.29352488,30
1080,,,45.6,-122.7,5405209.441916061,-9844831.361061871,30
1081,,,38.5,-94.7,4621056.167222766,-8150960.717963737,11
1082,,,33.3,-112.1,4027613.6124500223,-10052767.062220102,21
1083,,,38.3,-77.2,4598509.437439485,-6656210.424567993,12
1084,,,44.1,-123.1,5242324.149743861,-10039833.68693918,30
1085,,,41.9,-87.7,5000646.662737804,-7315138.032947921,30
1086,,,42.4,-71.2,5055855.158535961,-5909530.726931458,30
1087,,,39.7,-121.8,4755838.955352894,-10372508.451858671,11
1088,,,40.2,-105.1,4811742.005070374,-8909494.112217495,30
1089,,,42.2,-91.7,5033791.304144005,-7626178.00695688,11
1090,,,44,-75.9,5231409.460379818,-6196842.843008308,11
1091,,,42.2,-71.8,5033791.304144005,-5971205.898576924,12
1092,,,36.6,-87.3,4405934.302497934,-7634646.01948818,12
1093,,,38.5,-89,4621056.167222766,-7660353.789849764,11
1094,,,34.1,-118.3,4119849.5791734387,-10547391.073865065,30
1095,,,42,-91.6,5011701.366996126,-7632933.851180979,12
1096,,,42.4,-72.2,5055855.158535961,-5992529.753995103,11
1097,,,43,-78.8,5121888.767978503,-6500816.845937378,30
1098,,,42.3,-83.8,5044826.500767855,-6962257.721462885,21
1099,,,44.1,-92.6,5242324.149743861,-7552303.81324588,11
1100,,,32.9,-117.2,3981375.261976042,-10539951.62410554,30
1101,,,39.1,-88.5,4688555.02095648,-7577329.251431596,11
1102,,,31.4,-100.4,3807287.6516554896,-9122067.962129528,11
1103,,,41.8,-87.8,4989585.492155518,-7330655.754398237,30
1104,,,42.4,-71.2,5055855.158535961,-5909530.726931458,30
1105,,,35.8,-81.1,4314751.463942467,-7137811.572641932,11
1106,,,31.4,-89.2,3807287.6516554896,-8104466.755198744,11
1107,,,45,-93.2,5340244.911544235,-7527787.147377197,30
1108,,,38,-91.7,4564645.650180879,-7926750.810582584,11
1109,,,38.9,-77.1,4666079.097486394,-6612943.382287317,30
1110,,,44.7,-73.4,5307667.341390165,-5947963.053831322,11
1111,,,41.6,-85.8,4967443.824256047,-7177641.857225547,11
1112,,,35.9,-78.5,4326168.419072049,-6903545.49443522,12
1113,,,47.5,-122.1,5609211.139933313,-9583293.362074379,12
1114,,,38.2,-85.8,4587227.316813161,-7404068.640735119,30
1115,,,42,-87.7,5011701.366996126,-7307950.859700568,30
1116,,,37.5,-122.3,4508090.636651801,-10616599.98004594,30
1117,,,28.9,-82.6,3514825.3437738023,-7624036.179255757,12
1118,,,43,-88.3,5121888.767978503,-7284544.765181098,11
1119,,,42.7,-76.7,5088901.716558093,-6346872.719327053,10
1120,,,38,-84.5,4564645.650180879,-7304366.8865237525,30
1121,,,36,-78.9,4337579.950562795,-6933245.317978021,30
1122,,,41.5,-93.7,4956363.362991374,-7846119.291599844,11
1123,,,41.2,-73.8,4923083.685704508,-6197622.178053552,12
1124,,,41.3,-72.4,4934183.275767386,-6074226.701244709,12
1125,,,37.3,-107.1,4485428.651890568,-9312629.569225678,11
1126,,,35.9,-75.7,4326168.419072049,-6657304.381257913,10
1127,,,41.5,-82,4956363.362991374,-6866401.087632734,21
1128,,,39.7,-75,4755838.955352894,-6387012.593509033,23
1129,,,42.3,-85.6,5044826.500767855,-7111805.023355883,30
1130,,,30.5,-97.7,3702325.5456642844,-8928920.378063051,30
1131,,,39,-94.9,4677320.035485608,-8132490.565678278,11
1132,,,32.7,-117,3958226.452234754,-10536715.04991382,30
1133,,,47.7,-122.3,5630529.2916253945,-9575915.87838249,30
1134,,,39.9,-86.3,4778218.522360791,-7335963.193519366,12
1135,,,36.1,-79.2,4348986.041640936,-6954092.948256214,11
1136,,,42.1,-72,5022749.586837975,-5993770.086719413,11
1137,,,35.8,-78.6,4314751.463942467,-6917780.38976148,30
1138,,,40.3,-76,4822904.1974516725,-6436686.493696454,21
1139,,,30,-90.1,3643853.5640796954,-8260446.435593734,30
1140,,,47.6,-122.2,5619873.989038884,-9579627.841941232,30
1141,,,37.8,-122.2,4542040.864253972,-10581186.524638083,30
1142,,,34.2,-118.5,4131356.186610764,-10557430.332635144,30
1143,,,40.7,-74,4867490.986514479,-6243953.318520533,30
1144,,,45.3,-94.3,5372759.116516693,-7591489.681914071,11
1145,,,34.2,-118.5,4131356.186610764,-10557430.332635144,30
1146,,,34.3,-85.1,4142857.652928049,-7576136.283490862,12
1147,,,47.7,-117.5,5630529.2916253945,-9200082.71226445,11
1148,,,40.8,-111.9,4878622.100046948,-9432984.865446119,11
1149,,,37.4,-122.1,4496762.482863402,-10608091.52475976,30
1150,,,35.8,-79.3,4314751.463942467,-6979389.1209680075,11
1151,,,44.4,-68.3,5275026.917762738,-5552627.433311804,11
1152,,,36.1,-84.1,4348986.041640936,-7384333.547327621,11
1153,,,33.1,-96.8,4004504.3588311593,-8693071.437294926,30
1154,,,40.2,-105.1,4811742.005070374,-8909494.112217495,30
1155,,,41,-74,4900865.502225984,-6226279.094887476,30
1156,,,40,-105.3,4789399.149897031,-8942881.737477522,11
1157,,,40.7,-111.9,4867490.986514479,-9441869.95057362,30
1158,,,40.7,-74.1,4867490.986514479,-6252391.093275291,30
1159,,,39,-77.5,4677320.035485608,-6641391.136354758,21
1160,,,35.8,-78.7,4314751.463942467,-6926581.637076698,12
1161,,,40.3,-74.1,4822904.1974516725,-6275769.3313540425,30
1162,,,40.5,-88,4845210.023486283,-7439160.746075898,11
1163,,,40.8,-74.4,4878622.100046948,-6271796.907856937,21
1164,,,36,-78.9,4337579.950562795,-6933245.317978021,30
1165,,,38.9,-94.8,4666079.097486394,-8131089.917520591,30
1166,,,33.7,-116.3,4073772.0673866183,-10399430.3487371,30
1167,,,40.7,-74,4867490.986514479,-6243953.318520533,30
1168,,,40.6,-122.4,4856353.621740942,-10337529.23211776,21
1169,,,38.5,-121.8,4621056.167222766,-10483495.411277544,11
1170,,,38.9,-77.1,4666079.097486394,-6612943.382287317,30
1171,,,45.6,-122.6,5405209.441916061,-9836807.863620095,30
1172,,,33.8,-118.2,4085299.0747620966,-10561649.527778964,30
1173,,,34.1,-87,4119849.5791734387,-7756745.76015436,11
1174,,,37.2,-80.5,4474089.16076935,-7005492.474997857,11
1175,,,36,-78.9,4337579.950562795,-6933245.317978021,30
1176,,,40.7,-74,4867490.986514479,-6243953.318520533,30
1177,,,40.8,-74,4878622.100046948,-6238077.569642651,30
1178,,,35.5,-78,4280468.224191657,-6881074.36339697,12
1179,,,29.9,-90.1,3632145.7183525497,-8265612.560508085,30
1180,,,30,-90.1,3643853.5640796954,-8260446.435593734,30
1181,,,32.9,-97,3981375.261976042,-8723338.801520795,30
1182,,,41.3,-74.9,4934183.275767386,-6283972.098387137,11
1183,,,39.7,-78.7,4755838.955352894,-6702105.214788814,11
1184,,,35.7,-78.7,4303329.101929989,-6932013.036262791,12
1185,,,43,-78.1,5121888.767978503,-6443068.472940473,11
1186,,,39.5,-77.5,4733435.0894455165,-6611845.026580927,11
1187,,,38.8,-77.1,4654832.224325931,-6618757.692910426,30
1188,,,42.1,-80.1,5022749.586837975,-6668069.221475347,30
1189,,,37.7,-78.3,4530729.844432588,-6785651.447761793,11
1190,,,28.5,-81.6,3467776.249564448,-7549642.497875555,21
1191,,,42.5,-71.4,5066877.25924736,-5920202.786313104,12
1192,,,42.4,-71.3,5055855.158535961,-5917830.6296378225,13
1193,,,39.3,-84.4,4711007.064735232,-7213436.141074811,30
1194,,,37.4,-122.2,4496762.482863402,-10616779.560406575,13
1195,,,42.4,-71,5055855.158535961,-5892930.921518729,30
1196,,,33,-117.3,3992942.2826557155,-10541515.592238422,10
1197,,,42.1,-75.9,5022749.586837975,-6318432.633083384,30
1198,,,34.1,-118.3,4119849.5791734387,-10547391.073865065,30
1199,,,33.9,-118.1,4096821.006802832,-10545019.804223374,30
1200,,,42.4,-74.9,5055855.158535961,-6216627.127066943,11
1201,,,42.7,-84.5,5088901.716558093,-6992317.402648449,11
1202,,,40.4,-80,4834060.209486077,-6769174.872347872,30
1203,,,40.2,-74.8,4811742.005070374,-6340914.9342899015,30
1204,,,47.7,-122.3,5630529.2916253945,-9575915.87838249,30
1205,,,47.3,-122.2,5587862.881841395,-9614087.975363396,30
1206,,,29.7,-82.5,3608716.7046406446,-7577813.768838907,11
1207,,,39.2,-77.3,4699784.036510026,-6612512.606587477,12
1208,,,33.8,-84.3,4085299.0747620966,-7532546.998238297,30
1209,,,41.8,-111.8,4989585.492155518,-9334479.65081689,12
1210,,,38.7,-77.3,4643579.433349574,-6641740.25314696,21
1211,,,35.5,-82.5,4280468.224191657,-7278059.422823717,12
1212,,,38.3,-76.5,4598509.437439485,-6595856.184966987,22
1213,,,42.5,-71.4,5066877.25924736,-5920202.786313104,12
1214,,,42.9,-85.4,5110899.726537222,-7052483.311365005,11
1215,,,48.3,-116.6,5694301.509135489,-9062982.332593706,11
1216,,,40.7,-74,4867490.986514479,-6243953.318520533,30
1217,,,47.6,-122.4,5619873.989038884,-9595306.447247192,30
1218,,,47.5,-122.5,5609211.139933313,-9614688.262523435,12
1219,,,42.3,-83.7,5044826.500767855,-6953949.538024387,23
1220,,,42,-93.6,5011701.366996126,-7799591.795529908,12
1221,,,35.3,-81.3,4257585.919552411,-7183302.197662568,11
1222,,,47.6,-122.1,5619873.989038884,-9571788.53928825,21
1223,,,33.4,-86.7,4039160.7572465204,-7769415.831366997,21
1224,,,35.8,-78.7,4314751.463942467,-6926581.637076698,12
1225,,,45.5,-73.6,5394399.796378014,-5911900.682114189,30
1226,,,39.4,-76.5,4722224.088198904,-6532395.877747597,30
1227,,,42.8,-84.4,5099904.036616813,-6976981.081241719,11
1228,,,32.7,-117.1,3958226.452234754,-10545720.78927272,30
1229,,,38.8,-90.3,4654832.224325931,-7751930.216210265,30
1230,,,40.7,-74,4867490.986514479,-6243953.318520533,30
1231,,,40.7,-74,4867490.986514479,-6243953.318520533,30
1232,,,42.9,-87.9,5110899.726537222,-7258937.740854611,30
1233,,,32.8,-80.1,3969803.3130784915,-7208556.3508510385,11
1234,,,34.5,-119.8,4165845.096242587,-10649471.052361052,12
1235,,,45.7,-122.6,5416011.932287587,-9825775.831775134,30
1236,,,42.2,-71.4,5033791.304144005,-5937940.127554212,12
1237,,,36,-78.9,4337579.950562795,-6933245.317978021,30
1238,,,34.3,-82.4,4142857.652928049,-7335765.33207576,11
1239,,,40.8,-73.9,4878622.100046948,-6229647.735089081,30
1240,,,38.9,-104.8,4666079.097486394,-8988799.824432045,21
1241,,,40,-105.1,4789399.149897031,-8925896.207111942,23
1242,,,45,-93.3,5340244.911544235,-7535864.172213438,30
1243,,,26.6,-80.1,3243387.025495487,-7490908.7277587205,30
1244,,,39.1,-77,4688555.02095648,-6592704.546443311,21
1245,,,38.3,-122,4598509.437439485,-10518881.759032318,11
1246,,,42.5,-71.2,5066877.25924736,-5903619.585230995,30
1247,,,40.4,-105.2,4834060.209486077,-8901464.957137452,11
1248,,,37.9,-122.5,4553346.138548651,-10598179.780531656,23
1249,,,39.4,-76.7,4722224.088198904,-6549474.036905106,21
1250,,,42.4,-71.3,5055855.158535961,-5917830.6296378225,13
1251,,,40.2,-111.7,4811742.005070374,-9468986.606419547,10
1252,,,47.5,-122.6,5609211.139933313,-9622536.9876357,21
1253,,,42.4,-71.1,5055855.158535961,-5901230.824225093,30
1254,,,48.7,-122.5,5736662.845538008,-9474346.542100927,12
1255,,,32.7,-79.9,3958226.452234754,-7195585.74776166,11
1256,,,38.9,-77,4666079.097486394,-6604366.283218202,30
1257,,,31.9,-102.3,3865436.6832570103,-9263635.455633217,12
1258,,,40.9,-72.7,4889746.944553853,-6122701.814284179,11
1259,,,36.1,-79.8,4348986.041640936,-7006775.470591487,30
1260,,,45,-123,5340244.911544235,-9934740.548577202,21
1261,,,35.8,-78.7,4314751.463942467,-6926581.637076698,12
1262,,,37.9,-79.3,4553346.138548651,-6860699.237519678,11
1263,,,32.8,-117.2,3969803.3130784915,-10547350.865415005,30
1264,,,45,-93.3,5340244.911544235,-7535864.172213438,30
1265,,,35.3,-97.5,4257585.919552411,-8614661.307159906,21
1266,,,42.6,-83.7,5077892.78467351,-6933102.785585434,12
1267,,,36.4,-94.1,4383171.504392177,-8242603.965877233,12
1268,,,33.5,-112.4,4050702.892244759,-10065228.54761879,30
1269,,,29.4,-94.9,3573540.116341092,-8732880.256285302,23
1270,,,42.4,-71.2,5055855.158535961,-5909530.726931458,30
1271,,,40.7,-74,4867490.986514479,-6243953.318520533,30
1272,,,41.9,-87.7,5000646.662737804,-7315138.032947921,30
1273,,,46.9,-96.9,5545076.6816602675,-7659738.995616451,12
1274,,,30.3,-97.5,3678950.266090381,-8921997.391154284,11
1275,,,39.1,-77.1,4688555.02095648,-6601266.500399729,30
1276,,,37.8,-122.3,4542040.864253972,-10589845.433414381,30
1277,,,34.2,-118.4,4131356.186610764,-10548521.108725749,30
1278,,,39.9,-85.9,4778218.522360791,-7301961.046620088,11
1283,,,44.3,-72.6,5264132.897179121,-5908532.850474571,11
1285,,,40,-105.2,4789399.149897031,-8934388.972294733,21
1286,,,35.9,-78.7,4326168.419072049,-6921134.145376457,21
1287,,,40.1,-105.2,4800573.6500055995,-8926191.190046065,12
1288,,,38.8,-90.7,4654832.224325931,-7786268.777522382,30
1289,,,40,-105.3,4789399.149897031,-8942881.737477522,11
1290,,,38.8,-76.8,4654832.224325931,-6593003.771926339,12
1291,,,36.2,-87.3,4360386.675514761,-7659210.612741943,12
1292,,,42.1,-80,5022749.586837975,-6659744.54079935,12
1293,,,36.4,-79.9,4383171.504392177,-6998767.87325814,11
1294,,,32.8,-97.2,3969803.3130784915,-8747461.639234971,30
1295,,,37.4,-79.3,4496762.482863402,-6889612.267923417,12
1296,,,29.6,-82.4,3596995.5683894837,-7573304.111771072,11
1297,,,42.3,-83.7,5044826.500767855,-6953949.538024387,23
1298,,,38.3,-85.7,4598509.437439485,-7389083.334008769,30
1299,,,40.9,-74.4,4889746.944553853,-6265873.658634704,12
1300,,,36,-79.9,4337579.950562795,-7021119.149638072,12
1301,,,32.1,-86.3,3888663.045691798,-7804175.284876627,11
1302,,,43,-76.2,5121888.767978503,-6286322.889091729,21
1303,,,45.7,-111,5416011.932287587,-8896093.942308648,12
1304,,,41.9,-80.8,5000646.662737804,-6739602.657493636,23
1305,,,39.9,-75,4778218.522360791,-6375402.543614744,30
1306,,,36.1,-87,4348986.041640936,-7638965.738614779,11
1307,,,40.8,-74,4878622.100046948,-6238077.569642651,30
1308,,,35.3,-97.5,4257585.919552411,-8614661.307159906,21
1309,,,35.3,-97.5,4257585.919552411,-8614661.307159906,21
1310,,,44.5,-103.9,5285914.011212909,-8437747.197087547,12
1311,,,47.2,-122.5,5577177.512594201,-9649150.252562476,30
1312,,,28.5,-81.2,3467776.249564448,-7512634.4464153815,11
1313,,,29.5,-98.4,3585270.0336773014,-9049412.539579112,30
1314,,,43.1,-77.5,5132871.142571277,-6387035.723487243,21
1315,,,47.8,-122.3,5641177.027723767,-9564336.9819914,30
1316,,,35.8,-78.7,4314751.463942467,-6926581.637076698,12
1317,,,35.9,-79.1,4326168.419072049,-6956311.447258928,12
1318,,,38.9,-77,4666079.097486394,-6604366.283218202,30
1320,,,36.1,-96,4348986.041640936,-8429203.573643895,30
1321,,,39.9,-75.3,4778218.522360791,-6400904.153789204,30
1322,,,41.3,-73.5,4934183.275767386,-6166514.675987376,22
1323,,,37.9,-122.1,4553346.138548651,-10563573.479207471,12
1324,,,41.4,-73.9,4945276.507508117,-6194112.143287957,11
1325,,,33.8,-118.2,4085299.0747620966,-10561649.527778964,30
1326,,,39.5,-78,4733435.0894455165,-6654502.091268545,21
1327,,,35.9,-78.7,4326168.419072049,-6921134.145376457,21
1328,,,43.1,-77.5,5132871.142571277,-6387035.723487243,21
1329,,,32.3,-111,3911870.2143233693,-10024089.533503005,30
1330,,,38,-84.5,4564645.650180879,-7304366.8865237525,30
1331,,,35.8,-78.7,4314751.463942467,-6926581.637076698,12
1332,,,36.1,-79.5,4348986.041640936,-6980434.20942385,21
1333,,,36.1,-79.5,4348986.041640936,-6980434.20942385,21
1334,,,38.9,-77.4,4666079.097486394,-6638674.67949466,30
1335,,,35.9,-78.9,4326168.419072049,-6938722.796317693,21
1336,,,35.8,-78.7,4314751.463942467,-6926581.637076698,12
1337,,,39.7,-79.6,4755838.955352894,-6778749.36591092,11
1338,,,36.3,-80.1,4371781.835374494,-7021913.129403925,11
1339,,,40,-80.7,4789399.149897031,-6853661.502511264,11
1340,,,35.7,-79.8,4303329.101929989,-7028902.672093655,21
1341,,,38.9,-79.8,4666079.097486394,-6844525.057153408,11
1342,,,42.8,-71.7,5099904.036616813,-5927127.292950607,11
1343,,,40.8,-74,4878622.100046948,-6238077.569642651,30
1344,,,32.9,-79.8,3981375.261976042,-7176519.9624882415,22
1345,,,37.5,-77.5,4508090.636651801,-6727608.327502538,23
1346,,,40.7,-74,4867490.986514479,-6243953.318520533,30
1347,,,33.7,-116.3,4073772.0673866183,-10399430.3487371,30
1348,,,40.6,-79.7,4856353.621740942,-6731217.97222047,12
1349,,,38,-78.5,4564645.650180879,-6785713.61647473,21
1350,,,43,-78.8,5121888.767978503,-6500816.845937378,30
1351,,,35.8,-78.6,4314751.463942467,-6917780.38976148,30
1352,,,40.6,-122.2,4856353.621740942,-10320637.84448358,11
1353,,,36,-84.3,4337579.950562795,-7407764.008942296,21
1354,,,38.3,-82.1,4598509.437439485,-7078690.101775027,11
1355,,,36.1,-78.9,4348986.041640936,-6927751.687088576,12
1356,,,40.7,-74,4867490.986514479,-6243953.318520533,30
1357,,,42.4,-71.3,5055855.158535961,-5917830.6296378225,13
1358,,,35.7,-81.1,4303329.101929989,-7143408.605348312,12
1359,,,30.4,-87.2,3690640.1686725584,-7974399.273537609,30
1360,,,27.7,-82.7,3373476.2702575917,-7686928.245759649,30
1361,,,34.3,-77.8,4142857.652928049,-6926244.451887062,21
1362,,,40,-76.2,4789399.149897031,-6471487.069285728,12
1363,,,36.2,-76.5,4360386.675514761,-6711679.402918198,11
1364,,,35.2,-90,4246136.773848659,-7958114.455026901,21
1365,,,44.5,-123.3,5285914.011212909,-10013226.461991282,11
1366,,,38.4,-78.9,4609785.726655623,-6796917.075018242,12
1367,,,27.9,-82.8,3397076.175150944,-7687431.954403598,30
1368,,,39.4,-81.4,4722224.088198904,-6950810.777106593,12
1369,,,35.1,-80.7,4234682.321429716,-7141246.581193853,11
1370,,,37.7,-77.8,4530729.844432588,-6742320.340177107,11
1371,,,35.9,-81.5,4326168.419072049,-7167375.258553765,12
1372,,,38.3,-75.6,4598509.437439485,-6518257.876908551,11
1373,,,39.9,-83.8,4778218.522360791,-7123449.775398874,23
1374,,,40.1,-105,4800573.6500055995,-8909221.244817838,11
1375,,,28.5,-82.5,3467776.249564448,-7632910.6136609465,21
1376,,,35.7,-79.7,4303329.101929989,-7020094.523381759,11
1377,,,44,-92.5,5231409.460379818,-7552147.074812494,21
1378,,,37.9,-122.3,4553346.138548651,-10580876.629869564,30
1379,,,36.1,-78.9,4348986.041640936,-6927751.687088576,12
1380,,,36,-79.6,4337579.950562795,-6994757.000140055,12
1381,,,37.3,-80.6,4485428.651890568,-7008384.15760588,11
1382,,,42.2,-76.5,5033791.304144005,-6362078.708093798,11
1383,,,35.3,-80.4,4257585.919552411,-7103782.247134938,11
1384,,,35.9,-78.7,4326168.419072049,-6921134.145376457,21
1385,,,42,-93.6,5011701.366996126,-7799591.795529908,12
1386,,,43,-79,5121888.767978503,-6517316.381079351,11
1387,,,40.8,-123.1,4878622.100046948,-10377126.335446088,11
1388,,,35.8,-78.8,4314751.463942467,-6935382.884391915,30
1389,,,34.6,-82.8,4177331.040219622,-7354890.4186832905,12
1390,,,47.7,-122.3,5630529.2916253945,-9575915.87838249,30
1391,,,40.9,-81.6,4889746.944553853,-6872248.528825158,22
1392,,,32.9,-96.8,3981375.261976042,-8705352.53595065,30
1393,,,33.4,-79.1,4039160.7572465204,-7088359.772331365,10
1394,,,45.5,-122.6,5394399.796378014,-9847812.821021732,30
1395,,,41.6,-93.7,4967443.824256047,-7838520.303287107,30
1396,,,39.9,-80.7,4778218.522360791,-6859933.136929465,11
1397,,,37.4,-79.2,4496762.482863402,-6880924.232276602,21
1398,,,36.1,-80.3,4348986.041640936,-7050677.572537549,21
1399,,,39,-80.5,4677320.035485608,-6898477.244858813,11
1400,,,42.5,-90.7,5066877.25924736,-7520481.690736675,30
1401,,,36.1,-79.1,4348986.041640936,-6945312.527867,22
1402,,,38.4,-75.2,4609785.726655623,-6478176.984047805,11
1403,,,38,-78.7,4564645.650180879,-6803002.058809699,11
1404,,,38.9,-77.4,4666079.097486394,-6638674.67949466,30
1405,,,42.2,-85.6,5033791.304144005,-7118874.99886051,30
1406,,,36,-78.9,4337579.950562795,-6933245.317978021,30
1407,,,43.6,-96.7,5187682.367855,-7928294.528657082,11
1408,,,37,-92,4451393.266128351,-8019485.53626973,11
1409,,,32.9,-96.7,3981375.261976042,-8696359.403165577,30
1410,,,26.9,-80.1,3278913.9193157507,-7478647.635645324,30
1411,,,35,-80.8,4223222.5789299365,-7155556.653161242,21
1412,,,35.9,-78.7,4326168.419072049,-6921134.145376457,21
1413,,,42.3,-83.1,5044826.500767855,-6904100.437393387,30
1414,,,38.5,-121.7,4621056.167222766,-10474888.272187825,11
1415,,,37.1,-80.6,4462744.02651625,-7019989.1195119005,11
1416,,,42.6,-78.9,5077892.78467351,-6535505.493222111,11
1417,,,27.4,-80.3,3338045.7056925423,-7476519.52322433,11
1418,,,46.5,-90.1,5502171.955276261,-7155484.43566594,11
1419,,,35,-92.5,4223222.5789299365,-8191695.425958105,11
1421,,,28.6,-81.5,3479544.8997717835,-7535943.368757798,21
1422,,,41.8,-95.9,4989585.492155518,-8006946.319439531,11
1423,,,33,-117.2,3992942.2826557155,-10532528.792927051,12
1424,,,36,-94.2,4337579.950562795,-8277714.942376799,12
1425,,,34.2,-118,4131356.186610764,-10512884.213088162,11
1426,,,28,-82.8,3408869.9392443006,-7683011.873797834,30
1427,,,46.5,-87.3,5502171.955276261,-6933116.439884978,10
1428,,,40.7,-89.6,4867490.986514479,-7560246.1802627,30
1429,,,32.7,-117.2,3958226.452234754,-10554726.528631622,30
1430,,,29,-81.3,3526576.937085032,-7499544.836273804,21
1431,,,38.1,-91.8,4575939.381994569,-7928624.877542428,11
1432,,,33.8,-87.3,4085299.0747620966,-7800609.16899411,11
1433,,,40.7,-74,4867490.986514479,-6243953.318520533,30
1434,,,32.4,-104.3,3923466.5605251505,-9412551.868225215,11
1435,,,33.7,-117.8,4073772.0673866183,-10533558.857104303,30
1436,,,32.8,-79.9,3969803.3130784915,-7190557.45858924,21
1437,,,35.9,-78.7,4326168.419072049,-6921134.145376457,21
1438,,,40.1,-88.2,4800573.6500055995,-7483745.845646986,30
1439,,,39.9,-75.4,4778218.522360791,-6409404.690514023,21
1440,,,32.8,-117.2,3969803.3130784915,-10547350.865415005,30
1441,,,40.7,-74.5,4867490.986514479,-6286142.192294321,11
1442,,,33.9,-84.1,4096821.006802832,-7509196.998604451,30
1443,,,39.5,-79.9,4733435.0894455165,-6816598.937081497,11
1444,,,35.9,-78.8,4326168.419072049,-6929928.470847074,30
1445,,,37.1,-80.4,4462744.02651625,-7002569.7916719215,11
1446,,,34.9,-80.7,4211757.562966753,-7152138.525688693,12
1447,,,37.7,-122.4,4530729.844432588,-10607455.13673108,30
1448,,,43.7,-97,5198624.35397517,-7944587.095730428,11
1449,,,38.2,-85.6,4587227.316813161,-7386809.7394746635,30
1450,,,45.5,-122.7,5394399.796378014,-9855845.294774605,30
1451,,,40.7,-111.9,4867490.986514479,-9441869.95057362,30
1452,,,27.9,-82.6,3397076.175150944,-7668863.2781852335,10
1453,,,36.1,-93.1,4348986.041640936,-8174571.382356736,11
1454,,,35.9,-79.1,4326168.419072049,-6956311.447258928,12
1455,,,39.6,-86.9,4744640.050997059,-7407117.326368646,12
1456,,,46.7,-117.2,5523639.055615067,-9286102.269824166,11
1457,,,36,-78.9,4337579.950562795,-6933245.317978021,30
1458,,,35.9,-79.1,4326168.419072049,-6956311.447258928,12
1459,,,43,-88.1,5121888.767978503,-7268045.230039123,30
1460,,,39.8,-75.7,4767031.784989593,-6440773.452662453,21
1461,,,38.1,-78.5,4575939.381994569,-6779924.323388677,11
1462,,,47.9,-97.1,5651817.177324592,-7584383.680497473,11
1463,,,34.2,-103.3,4131356.186610764,-9203228.29840684,12
1464,,,32.7,-103.1,3958226.452234754,-9284917.279026622,11
1465,,,36.1,-80,4348986.041640936,-7024336.311369913,12
1466,,,37.8,-78.5,4542040.864253972,-6797243.389395168,12
1467,,,61.3,-148.9,7000059.309454428,-9411510.894774966,11
1468,,,35.9,-79,4326168.419072049,-6947517.121788312,21
1469,,,39.3,-77.8,4711007.064735232,-6649352.272222987,11
1470,,,36,-79.9,4337579.950562795,-7021119.149638072,12
1471,,,29.7,-82.3,3608716.7046406446,-7559443.311217481,12
1472,,,35.9,-78.6,4326168.419072049,-6912339.819905838,21
1473,,,36.2,-81.5,4360386.675514761,-7150351.259318081,12
1474,,,36,-78.9,4337579.950562795,-6933245.317978021,30
1475,,,35.9,-79,4326168.419072049,-6947517.121788312,21
1476,,,42,-74,5011701.366996126,-6166343.940910398,12
1477,,,39.8,-86.2,4767031.784989593,-7334143.614524485,30
1478,,,40.7,-73.7,4867490.986514479,-6218639.994256262,30
1479,,,27.4,-82.6,3338045.7056925423,-7690666.40869651,10
1480,,,35.7,-78.7,4303329.101929989,-6932013.036262791,12
1481,,,40.6,-74,4856353.621740942,-6249813.424646358,30
1482,,,38,-78.5,4564645.650180879,-6785713.61647473,21
1483,,,41.7,-86.2,4978517.873315134,-7204094.959616484,30
1484,,,28,-82.7,3408869.9392443006,-7673732.873950253,30
1485,,,29.7,-95.4,3608716.7046406446,-8762708.285420993,30
1486,,,40.6,-105.1,4856353.621740942,-8876424.201761248,12
1487,,,44.5,-68.6,5285914.011212909,-5571024.617133836,11
1488,,,36.1,-94.1,4348986.041640936,-8262375.586248861,21
1489,,,43,-78.8,5121888.767978503,-6500816.845937378,30
1490,,,36.1,-79.9,4348986.041640936,-7015555.890980701,21
1491,,,26.9,-80.1,3278913.9193157507,-7478647.635645324,30
1492,,,39.7,-105.1,4755838.955352894,-8950333.647703992,30
1493,,,40.7,-73.9,4867490.986514479,-6235515.543765777,30
1494,,,37.8,-122.4,4542040.864253972,-10598504.342190685,30
1495,,,30.2,-97.7,3667255.8538518026,-8945959.050626362,21
1496,,,44.4,-86.1,5275026.917762738,-6999725.0660050735,11
1497,,,27.5,-82.4,3349859.967346907,-7667727.292550259,21
1498,,,36,-78.9,4337579.950562795,-6933245.317978021,30
1499,,,32.2,-110.8,3900269.037317044,-10012889.719404552,30
1500,,,33.8,-84.3,4085299.0747620966,-7532546.998238297,30
1501,,,47.7,-117.4,5630529.2916253945,-9192252.854636993,30
1502,,,31.7,-110.6,3842191.256225161,-10028729.46186145,11
1503,,,36.1,-80.3,4348986.041640936,-7050677.572537549,21
1504,,,37.2,-80.4,4474089.16076935,-6996789.999873634,21
1505,,,44.1,-123.1,5242324.149743861,-10039833.68693918,30
1506,,,36.4,-93.7,4383171.504392177,-8207566.329465428,11
1507,,,35.9,-79,4326168.419072049,-6947517.121788312,21
1508,,,37.6,-121.9,4519413.09620004,-10573013.03764534,11
1509,,,36.2,-86.8,4360386.675514761,-7615343.427101957,30
1510,,,40.3,-76.9,4822904.1974516725,-6512910.4127007555,30
1511,,,32.6,-97.2,3946644.695701931,-8759676.129647117,11
1512,,,38.5,-79.8,4621056.167222766,-6868496.99359563,11
1513,,,35.9,-78.7,4326168.419072049,-6921134.145376457,21
1514,,,39.3,-76.6,4711007.064735232,-6546791.568795385,30
1515,,,39.4,-76.7,4722224.088198904,-6549474.036905106,21
1516,,,34.4,-119.8,4154353.9616393317,-10657421.74793539,10
1517,,,35.9,-78.9,4326168.419072049,-6938722.796317693,21
1518,,,46.7,-117,5523639.055615067,-9270255.678920029,11
1519,,,35.2,-81.2,4246136.773848659,-7179987.708313159,21
1520,,,36,-79.1,4337579.950562795,-6950820.08431003,11
1521,,,40.7,-80.6,4867490.986514479,-6800846.452334527,11
1522,,,38.8,-77.5,4654832.224325931,-6653096.254222542,30
1523,,,34,-118.5,4108337.84708608,-10572991.01370933,30
1524,,,35.8,-82.5,4314751.463942467,-7261029.035054987,11
1525,,,38.9,-77,4666079.097486394,-6604366.283218202,30
1526,,,28,-82.5,3408869.9392443006,-7655174.874255088,30
1527,,,37.6,-85.3,4519413.09620004,-7398507.072281768,11
1528,,,35.7,-79.1,4303329.101929989,-6967245.631110377,11
1529,,,42.4,-71.1,5055855.158535961,-5901230.824225093,30
1530,,,37.2,-93.2,4474089.16076935,-8110706.815773915,12
1531,,,26,-97.5,3172227.5953810853,-9147480.588074317,12
1532,,,37.8,-122.4,4542040.864253972,-10598504.342190685,30
1533,,,33,-96.8,3992942.2826557155,-8699221.733407326,30
1534,,,36,-79,4337579.950562795,-6942032.701144025,12
1535,,,41.8,-71.4,4989585.492155518,-5961376.091845492,30
1536,,,46.3,-119.3,5480675.537149458,-9496332.070842506,23
1537,,,28.1,-82.5,3420659.5568959606,-7650754.554590184,30
1538,,,35.9,-81.6,4326168.419072049,-7176169.584024382,12
1539,,,42.4,-71.1,5055855.158535961,-5901230.824225093,30
1540,,,35.2,-81,4246136.773848659,-7162303.009524211,12
1541,,,35.2,-79.5,4246136.773848659,-7029667.768607096,12
1542,,,35.8,-78.6,4314751.463942467,-6917780.38976148,30
1543,,,29.7,-95.4,3608716.7046406446,-8762708.285420993,30
1544,,,43.6,-72.2,5187682.367855,-5919574.611882537,11
1545,,,40.8,-77.9,4878622.100046948,-6566841.117231926,30
1546,,,42.6,-114.5,5077892.78467351,-9484352.078250084,11
1547,,,43.6,-72.2,5187682.367855,-5919574.611882537,11
1548,,,38.9,-77.5,4666079.097486394,-6647251.778563774,30
1549,,,42.1,-80.2,5022749.586837975,-6676393.902151346,11
1550,,,39,-95.7,4677320.035485608,-8201046.861279359,30
1551,,,35.9,-79,4326168.419072049,-6947517.121788312,21
1552,,,44.9,-93.3,5329392.73674441,-7544115.8821365675,30
1553,,,32.2,-80.9,3900269.037317044,-7310855.399817945,11
1554,,,41.9,-87.6,5000646.662737804,-7306796.940550032,10
1555,,,33.6,-117.8,4062240.00108359,-10541186.001198567,21
1556,,,40.7,-77.9,4867490.986514479,-6573026.533956076,11
1557,,,35.7,-79.2,4303329.101929989,-6976053.779822275,12
1558,,,32.8,-96.7,3969803.3130784915,-8702464.408580469,30
1559,,,39.8,-75,4767031.784989593,-6381215.441871651,30
1560,,,37.2,-80.4,4474089.16076935,-6996789.999873634,21
1561,,,40.4,-90.7,4834060.209486077,-7674552.011524401,11
1562,,,36,-79.1,4337579.950562795,-6950820.08431003,11
1563,,,36.3,-88.9,4371781.835374494,-7793359.265967651,11
1564,,,47.6,-122.2,5619873.989038884,-9579627.841941232,30
1565,,,30.3,-97.7,3678950.266090381,-8940298.924264342,30
1566,,,28.7,-81.2,3491309.309366734,-7503756.918728004,11
1567,,,28.1,-82.5,3420659.5568959606,-7650754.554590184,30
1568,,,37.9,-78.9,4553346.138548651,-6826092.936195492,11
1569,,,40.2,-122.3,4811742.005070374,-10367565.460744051,11
1570,,,35.7,-80.5,4303329.101929989,-7090559.713076933,12
1571,,,37.7,-122.4,4530729.844432588,-10607455.13673108,30
1572,,,38.6,-121.3,4632320.741881084,-10431387.972877102,30
1573,,,39.1,-94.6,4688555.02095648,-8099608.442773207,30
1574,,,37.3,-80,4485428.651890568,-6956212.563380526,21
1575,,,35.9,-79.1,4326168.419072049,-6956311.447258928,12
1576,,,27,-82.1,3290748.288407639,-7661159.119141296,23
1577,,,27.4,-82.6,3338045.7056925423,-7690666.40869651,10
1578,,,37.4,-122.2,4496762.482863402,-10616779.560406575,13
1579,,,40.8,-77.9,4878622.100046948,-6566841.117231926,30
1580,,,27.9,-82.3,3397076.175150944,-7641010.263857682,30
1581,,,43.7,-116.5,5198624.35397517,-9541694.810851494,22
1582,,,30.4,-91.1,3690640.1686725584,-8331052.452055918,30
1583,,,35.5,-79.2,4280468.224191657,-6986937.04591077,12
1584,,,34,-118.3,4108337.84708608,-10555146.30313767,30
1585,,,34,-118.4,4108337.84708608,-10564068.658423502,30
1586,,,32.8,-117.1,3969803.3130784915,-10538351.419284103,30
1587,,,28,-82.7,3408869.9392443006,-7673732.873950253,30
1589,,,34.5,-92.2,4165845.096242587,-8196003.597893897,11
1590,,,36.7,-78.9,4417307.397838103,-6894450.153062558,22
1591,,,29.9,-89.9,3632145.7183525497,-8247264.91886434,21
1592,,,28,-82.5,3408869.9392443006,-7655174.874255088,30
1593,,,35.8,-78.9,4314751.463942467,-6944184.131707134,12
1594,,,27,-82.1,3290748.288407639,-7661159.119141296,23
1595,,,27.6,-80.4,3361670.160740311,-7477388.745605864,21
1596,,,44.3,-68.4,5264132.897179121,-5566716.900447117,12
1597,,,39.1,-76.8,4688555.02095648,-6575580.638530469,21
1598,,,36.9,-82.8,4440036.896583445,-7223455.184314473,11
1599,,,42.4,-71.2,5055855.158535961,-5909530.726931458,30
1600,,,44.5,-73.2,5285914.011212909,-5944591.865513073,23
1601,,,43.1,-89.4,5132871.142571277,-7367754.757158187,10
1602,,,44.6,-93.2,5296794.158706936,-7560636.060827735,11
1603,,,41.5,-88.1,4956363.362991374,-7377194.339273705,30
1604,,,35.8,-78.8,4314751.463942467,-6935382.884391915,30
1605,,,44.5,-89.5,5285914.011212909,-7268319.289117759,11
1606,,,38,-78.4,4564645.650180879,-6777069.395307247,12
1607,,,40,-105.2,4789399.149897031,-8934388.972294733,21
1608,,,27.7,-82.7,3373476.2702575917,-7686928.245759649,30
1609,,,36.2,-81.7,4360386.675514761,-7167898.133574077,11
1610,,,35.9,-78.7,4326168.419072049,-6921134.145376457,21
1611,,,42.4,-71.1,5055855.158535961,-5901230.824225093,30
1612,,,38.6,-121.3,4632320.741881084,-10431387.972877102,30
1613,,,35.9,-79.1,4326168.419072049,-6956311.447258928,12
1614,,,36,-78.9,4337579.950562795,-6933245.317978021,30
1615,,,42.4,-71.1,5055855.158535961,-5901230.824225093,30
1616,,,37.9,-122.5,4553346.138548651,-10598179.780531656,23
1617,,,41.4,-73.1,4945276.507508117,-6127058.155268599,21
1618,,,44,-123,5231409.460379818,-10042314.488669587,12
1619,,,37.3,-93.2,4485428.651890568,-8103987.636338312,11
1620,,,37.8,-122.4,4542040.864253972,-10598504.342190685,30
1621,,,35.5,-82.5,4280468.224191657,-7278059.422823717,12
1622,,,40,-75.7,4789399.149897031,-6429023.243371779,23
1623,,,42.5,-71.1,5066877.25924736,-5895327.984689939,30
1624,,,42.2,-85.6,5033791.304144005,-7118874.99886051,30
1625,,,35.1,-80.8,4234682.321429716,-7150095.709547252,21
1626,,,47.8,-117,5641177.027723767,-9149856.31147174,11
1627,,,38.9,-77.1,4666079.097486394,-6612943.382287317,30
1628,,,35.2,-106.7,4246136.773848659,-9434786.803904114,30
1629,,,34,-118.1,4108337.84708608,-10537301.592566008,30
1630,,,40.7,-111.9,4867490.986514479,-9441869.95057362,30
1631,,,38.1,-122.2,4575939.381994569,-10554226.144179571,30
1633,,,41.7,-88.1,4978517.873315134,-7362885.915802926,30
1634,,,40.3,-76.4,4822904.1974516725,-6470563.791031699,11
1635,,,38.9,-77,4666079.097486394,-6604366.283218202,30
1636,,,42,-87.7,5011701.366996126,-7307950.859700568,30
1637,,,37.7,-89.2,4530729.844432588,-7730269.593107942,21
1638,,,42.9,-87.9,5110899.726537222,-7258937.740854611,30
1639,,,42.3,-84.4,5044826.500767855,-7012106.822093886,21
1640,,,39.3,-84.4,4711007.064735232,-7213436.141074811,30
1641,,,35.1,-94.3,4234682.321429716,-8344728.037256261,11
1642,,,35.8,-78.4,4314751.463942467,-6900177.895131044,11
1643,,,40.7,-74,4867490.986514479,-6243953.318520533,30
1644,,,42.1,-87.9,5022749.586837975,-7317394.314203285,30
ExtB1b_bracken_genuses,,,33.791638,-84.389488,4084335.380633797,-7541002.087659359,30
ExtB2b_bracken_genuses,,,33.791638,-84.389488,4084335.380633797,-7541002.087659359,30
ExtB3b3_bracken_genuses,,,33.791638,-84.389488,4084335.380633797,-7541002.087659359,30
ExtB3b4_bracken_genuses,,,33.791638,-84.389488,4084335.380633797,-7541002.087659359,30
ExtB4b3_bracken_genuses,,,33.791638,-84.389488,4084335.380633797,-7541002.087659359,30
NTC1b_bracken_genuses,,,33.791638,-84.389488,4084335.380633797,-7541002.087659359,30
NTC2b_bracken_genuses,,,33.791638,-84.389488,4084335.380633797,-7541002.087659359,30
