Sample,Postcode,Address,Latitude,Longitude,moll_lat,moll_lon
0,,,23.3469799352601,3.37594722147123,,
12,,,43.2,-71.7,5143846.831917410,-5902977.612736220
13,,,35.1,-106.5,4234682.321429720,-9424321.69637107
14,,,32.1,-81.1,3888663.045691800,-7333935.290886380
15,,,47.4,-122.1,5598540.764237720,-9594770.66289083
16,,,42.9,-74.7,5110899.726537220,-6168858.353149480
17,,,38,-107.7,4564645.650180880,-9309826.19737998
18,,,43.1,-93.2,5132871.142571280,-7680925.541019500
19,,,39.3,-75.6,4711007.064735230,-6461324.315939050
20,,,37.8,-122.3,4542040.864253970,-10589845.433414400
21,,,39.4,-76.6,4722224.088198900,-6540934.957326350
22,,,39,-121.1,4677320.035485610,-10377709.246613700
23,,,46.6,-87.4,5512909.179936820,-6933018.941982130
24,,,35.1,-106.5,4234682.321429720,-9424321.69637107
25,,,33.8,-84.4,4085299.0747621000,-7541482.403930160
26,,,39.1,-108.7,4688555.02095648,-9306843.950628410
27,,,32.7,-117.1,3958226.452234750,-10545720.78927270
28,,,47.5,-122,5609211.139933310,-9575444.636962110
29,,,30.4,-89.3,3690640.1686725600,-8166443.292739780
30,,,41.8,-73.2,4989585.492155520,-6111662.884076890
31,,,43.1,-89.4,5132871.142571280,-7367754.757158190
32,,,41.6,-91.5,4967443.824256050,-7654478.204383890
33,,,44,-121.3,5231409.460379820,-9903518.27215952
34,,,42.3,-71.1,5044826.500767860,-5907118.424773400
35,,,61.5,-149.6,7018867.627305250,-9417154.254830370
36,,,43.9,-116.8,5220487.918857970,-9546191.610397600
37,,,42.3,-72.5,5044826.500767860,-6023432.992912400
38,,,39.6,-105,4744640.050997060,-8949911.61413933
39,,,39.1,-84.4,4688555.02095648,-7226289.139218380
40,,,39.3,-77.9,4711007.064735230,-6657898.997508620
41,,,42.8,-73.7,5099904.036616810,-6092458.598193300
42,,,35.6,-97.5,4291901.349772840,-8594653.930854170
43,,,38.4,-88.4,4609785.726655620,-7615303.795077470
44,,,44.2,-69.5,5253231.968253010,-5662280.520901750
45,,,43.6,-70.2,5187682.367855,-5755597.475819310
46,,,40.4,-74.1,4834060.209486080,-6269948.225512220
47,,,41.5,-81.8,4956363.362991370,-6849653.767906800
48,,,21.3,-157.8,2610296.658087990,-15138448.401339700
49,,,55.7,-132.5,6456654.442485220,-9272999.03320857
50,,,39.5,-79.8,4733435.0894455200,-6808067.524143970
51,,,42.2,-71.1,5033791.304144010,-5912990.799287180
52,,,32.2,-111,3900269.037317040,-10030963.527562300
53,,,40.7,-74.1,4867490.986514480,-6252391.093275290
54,,,40.7,-74,4867490.986514480,-6243953.318520530
55,,,41,-73.9,4900865.502225980,-6217865.204218710
56,,,39,-77.1,4677320.035485610,-6607112.988554220
57,,,40.7,-74,4867490.986514480,-6243953.318520530
58,,,42.4,-72.5,5055855.158535960,-6017429.462114200
59,,,32.7,-83.7,3958226.452234750,-7537803.843399890
60,,,62.1,-146.4,7075030.006253760,-9101372.781490020
61,,,40.8,-74,4878622.100046950,-6238077.569642650
62,,,40.7,-73.9,4867490.986514480,-6235515.543765780
63,,,39.3,-78.8,4711007.064735230,-6734819.525079330
65,,,40.7,-74,4867490.986514480,-6243953.318520530
66,,,43.7,-70.3,5198624.35397517,-5757778.070410820
67,,,40.7,-73.9,4867490.986514480,-6235515.543765780
68,,,40.7,-74,4867490.986514480,-6243953.318520530
70,,,39.4,-119.6,4722224.088198900,-10212739.176191000
71,,,35.2,-106.6,4246136.773848660,-9425944.45450964
72,,,43.6,-116.2,5187682.367855,-9527071.605273560
73,,,41.9,-71.4,5000646.662737800,-5955539.972092150
74,,,46.2,-91.1,5469916.3826618100,-7259918.446305000
75,,,40.3,-120.5,4822904.1974516700,-10205535.822242400
76,,,31.5,-89.4,3818926.89358234,-8117245.0760626400
77,,,38.9,-77,4666079.097486390,-6604366.283218200
78,,,64.1,-141.8,7259317.251879170,-8435268.452231230
79,,,35.5,-78.1,4280468.224191660,-6889896.253606450
81,,,35.1,-106.6,4234682.321429720,-9433170.82472447
82,,,35.8,-78.7,4314751.463942470,-6926581.637076700
83,,,35.8,-78.7,4314751.463942470,-6926581.637076700
84,,,35.8,-78.7,4314751.463942470,-6926581.637076700
85,,,35.8,-78.7,4314751.463942470,-6926581.637076700
86,,,35.8,-78.8,4314751.463942470,-6935382.884391920
88,,,33.4,-80.7,4039160.7572465200,-7231739.995286240
89,,,35.7,-78.8,4303329.101929990,-6940821.184974690
90,,,29.7,-95.4,3608716.7046406400,-8762708.285420990
93,,,42.1,-88,5022749.586837980,-7325718.994879280
94,,,40,-75.2,4789399.149897030,-6386559.417457830
95,,,40.7,-89.4,4867490.986514480,-7543370.630753190
96,,,36,-78.9,4337579.950562800,-6933245.317978020
97,,,39,-76.5,4677320.035485610,-6555695.766853410
100,,,35.1,-106.7,4234682.321429720,-9442019.95307787
101,,,33.8,-84.3,4085299.0747621000,-7532546.998238300
102,,,42.3,-71.1,5044826.500767860,-5907118.424773400
105,,,41.7,-83.6,4978517.873315130,-6986802.072203460
106,,,34.7,-86.7,4188811.7770359700,-7695527.243883820
107,,,42.3,-83.1,5044826.500767860,-6904100.437393390
109,,,40.8,-74,4878622.100046950,-6238077.569642650
110,,,38.1,-122.3,4575939.381994570,-10562862.990451400
111,,,39.1,-94.4,4688555.02095648,-8082484.534860370
112,,,42.3,-71.2,5044826.500767860,-5915426.608211900
113,,,47.7,-122.3,5630529.2916253900,-9575915.87838249
114,,,39,-77.1,4677320.035485610,-6607112.988554220
115,,,42.4,-71.1,5055855.158535960,-5901230.824225090
118,,,35.6,-78,4291901.349772840,-6875723.144683340
119,,,36.4,-80.3,4383171.504392180,-7033805.509669950
121,,,47.6,-122.3,5619873.989038880,-9587467.144594210
123,,,37.7,-97.5,4530729.844432590,-8449565.979013730
124,,,32.9,-96.8,3981375.261976040,-8705352.53595065
125,,,34.1,-84.1,4119849.5791734400,-7498187.568149220
127,,,38.9,-77.1,4666079.097486390,-6612943.382287320
128,,,39.8,-105.1,4767031.784989590,-8942209.905876140
129,,,40.6,-75.4,4856353.621740940,-6368053.138085610
131,,,35.7,-78.6,4303329.101929990,-6923204.887550890
132,,,37.5,-121.9,4508090.636651800,-10581876.840291100
133,,,45.9,-91.8,5437595.370609270,-7340728.171350320
134,,,41.7,-87.7,4978517.873315130,-7329456.240816310
135,,,43.5,-116.3,5176733.604059030,-9545201.513229180
136,,,38.2,-84.6,4587227.316813160,-7300515.233172390
137,,,39.6,-105.1,4744640.050997060,-8958435.33948613
138,,,37.7,-85.8,4530729.844432590,-7435618.06153208
139,,,45.6,-111,5405209.441916060,-8906082.160373820
140,,,33,-96.8,3992942.2826557200,-8699221.733407330
141,,,48.8,-122.5,5747233.80943055,-9462470.163112630
142,,,38.9,-92.3,4666079.097486390,-7916662.440792730
143,,,39.7,-121.8,4755838.955352890,-10372508.451858700
144,,,36,-79.2,4337579.950562800,-6959607.467476040
145,,,41.7,-93.6,4978517.873315130,-7822543.946868940
146,,,37.3,-120.5,4485428.651890570,-10477795.173591900
147,,,34,-78.4,4108337.84708608,-6995126.544091240
148,,,35.8,-78.7,4314751.463942470,-6926581.637076700
150,,,39.4,-85.2,4722224.088198900,-7275295.801099290
151,,,44,-123.1,5231409.460379820,-10050478.971993700
152,,,47,-123.9,5555784.3927511,-9782524.263673270
153,,,39.5,-80.4,4733435.0894455200,-6859256.001769120
154,,,43.5,-116.4,5176733.604059030,-9553408.909199290
155,,,35.9,-78.9,4326168.419072050,-6938722.796317690
158,,,35.6,-78.8,4291901.349772840,-6946243.382064710
160,,,41.9,-87.7,5000646.662737800,-7315138.032947920
161,,,45.5,-122.8,5394399.796378010,-9863877.768527480
162,,,35.8,-79.1,4314751.463942470,-6961786.626337570
163,,,37.9,-122.3,4553346.138548650,-10580876.629869600
164,,,35.3,-80.9,4257585.919552410,-7147959.997428070
165,,,33.6,-97.1,4062240.00108359,-8688872.332057560
166,,,40.3,-121,4822904.1974516700,-10247882.443911500
167,,,37,-91.7,4451393.266128350,-7993335.039955810
168,,,35.8,-78.7,4314751.463942470,-6926581.637076700
170,,,36.1,-83.9,4348986.041640940,-7366772.7065492000
171,,,37.8,-122.3,4542040.864253970,-10589845.433414400
172,,,34.1,-117.7,4119849.5791734400,-10493896.275519200
173,,,42.5,-76.5,5066877.25924736,-6343074.413906900
174,,,47.3,-122,5587862.881841400,-9598352.970493730
175,,,40.8,-107,4878622.100046950,-9019922.972321130
176,,,36.2,-115.3,4360386.675514760,-10115773.008581300
177,,,35.9,-106.3,4326168.419072050,-9348367.975267060
178,,,36,-80.3,4337579.950562800,-7056268.68230209
179,,,30.5,-87.2,3702325.5456642800,-7969312.76322516
180,,,42.3,-71.1,5044826.500767860,-5907118.424773400
182,,,35.6,-78.8,4291901.349772840,-6946243.382064710
183,,,33.5,-94.6,4050702.892244760,-8471268.86659019
185,,,42.5,-71.2,5066877.25924736,-5903619.585231000
186,,,40.7,-122.9,4867490.986514480,-10370025.173596900
187,,,47.6,-122.6,5619873.989038880,-9610985.05255315
188,,,39.5,-104.7,4733435.0894455200,-8932389.345587390
189,,,38,-78.5,4564645.650180880,-6785713.61647473
190,,,35.8,-78.9,4314751.463942470,-6944184.131707130
191,,,35.6,-78.8,4291901.349772840,-6946243.382064710
192,,,40.5,-74.6,4845210.023486280,-6306379.450650710
193,,,36,-78.9,4337579.950562800,-6933245.317978020
194,,,35.5,-77,4280468.224191660,-6792855.461302140
195,,,35.9,-78.3,4326168.419072050,-6885956.843493990
196,,,39.3,-76.6,4711007.064735230,-6546791.568795390
197,,,43.1,-89.4,5132871.142571280,-7367754.757158190
198,,,33.9,-79.1,4096821.006802830,-7062752.468366370
199,,,45.5,-122.6,5394399.796378010,-9847812.821021730
200,,,31.1,-85.4,3772341.8763246900,-7774562.316646500
201,,,36,-78.9,4337579.950562800,-6933245.317978020
202,,,41.8,-88.2,4989585.492155520,-7364052.819338550
203,,,35.8,-78.7,4314751.463942470,-6926581.637076700
204,,,39.9,-75.2,4778218.522360790,-6392403.617064380
205,,,36.2,-79.1,4360386.675514760,-6939788.768246140
206,,,39.9,-75,4778218.522360790,-6375402.543614740
208,,,40.3,-122.4,4822904.1974516700,-10366452.98458480
209,,,34.2,-77.9,4131356.186610760,-6940285.425420070
210,,,41.1,-75.8,4911977.755229250,-6371662.309578700
211,,,40.3,-76.7,4822904.1974516700,-6495971.764033130
212,,,41.9,-87.7,5000646.662737800,-7315138.032947920
213,,,42.4,-97.4,5055855.158535960,-8084105.235998930
214,,,38.3,-76.5,4598509.437439490,-6595856.184966990
215,,,40.3,-80.2,4822904.1974516700,-6792398.115716520
216,,,39.8,-84.9,4767031.784989590,-7223535.880198710
217,,,38.4,-81.7,4609785.726655620,-7038125.792509380
218,,,42,-91.6,5011701.366996130,-7632933.851180980
219,,,34.1,-118,4119849.5791734400,-10520643.674692100
220,,,36.1,-115.3,4348986.041640940,-10123824.708761900
222,,,36.1,-79.8,4348986.041640940,-7006775.470591490
224,,,36.5,-80.6,4394555.66572155,-7054405.637287410
225,,,42.7,-83.6,5088901.716558090,-6917843.016111370
226,,,36.5,-87.1,4394555.66572155,-7623309.317713810
227,,,34.7,-86.7,4188811.7770359700,-7695527.243883820
228,,,40.3,-78.9,4822904.1974516700,-6682296.899376980
230,,,36.1,-97.1,4348986.041640940,-8525788.19792523
231,,,39,-77.1,4677320.035485610,-6607112.988554220
232,,,37.3,-120.5,4485428.651890570,-10477795.173591900
233,,,40.5,-80,4845210.023486280,-6762873.405523550
234,,,42.4,-71.4,5055855.158535960,-5926130.532344190
235,,,38.2,-85.8,4587227.316813160,-7404068.640735120
236,,,37.9,-122.1,4553346.138548650,-10563573.479207500
237,,,35.3,-82.4,4257585.919552410,-7280493.248307450
238,,,39.7,-105,4755838.955352890,-8941817.630912650
239,,,32.7,-80,3958226.452234750,-7204591.487120560
240,,,38.9,-77,4666079.097486390,-6604366.283218200
241,,,34.2,-81.2,4131356.186610760,-7234289.814430160
242,,,45.5,-122.6,5394399.796378010,-9847812.821021730
243,,,37.7,-121.8,4530729.844432590,-10555457.807629500
244,,,39,-76.9,4677320.035485610,-6589973.914653950
245,,,39.7,-105,4755838.955352890,-8941817.630912650
247,,,43.5,-87.8,5176733.604059030,-7206093.661749980
248,,,40,-105.3,4789399.149897030,-8942881.737477520
249,,,41.7,-73.4,4978517.873315130,-6134345.360044660
250,,,42.3,-71.7,5044826.500767860,-5956967.525404400
251,,,40.6,-74.9,4856353.621740940,-6325824.6690001700
252,,,35.9,-78.9,4326168.419072050,-6938722.796317690
253,,,36,-79,4337579.950562800,-6942032.701144030
254,,,40.6,-79.9,4856353.621740940,-6748109.35985465
255,,,42.6,-71.2,5077892.78467351,-5897693.170055950
256,,,33.8,-118.1,4085299.0747621000,-10552714.122087100
257,,,44.9,-93.3,5329392.73674441,-7544115.8821365700
258,,,39.6,-75.8,4744640.050997060,-6460983.812873920
260,,,34.7,-83.1,4188811.7770359700,-7375989.780469950
261,,,35,-114.4,4223222.5789299400,-10131134.667347100
262,,,32.9,-96.7,3981375.261976040,-8696359.403165580
263,,,40.4,-76.8,4834060.209486080,-6498407.877453960
264,,,47.6,-122.9,5619873.989038880,-9634502.96051209
265,,,35.8,-78.6,4314751.463942470,-6917780.38976148
266,,,32.9,-80.2,3981375.261976040,-7212492.4936285300
267,,,42.6,-71.3,5077892.78467351,-5905976.446980180
268,,,43.3,-90.4,5154815.8175898200,-7434866.096611370
269,,,41.8,-72.5,4989585.492155520,-6053218.020431350
270,,,44.9,-92.9,5329392.73674441,-7511772.4056858200
271,,,36,-79,4337579.950562800,-6942032.701144030
272,,,35.8,-78.8,4314751.463942470,-6935382.884391920
273,,,42.4,-71.1,5055855.158535960,-5901230.824225090
274,,,38.8,-77.1,4654832.224325930,-6618757.692910430
275,,,27.7,-82.6,3373476.2702575900,-7677633.290202500
276,,,39.8,-75.1,4767031.784989590,-6389723.729127480
277,,,37.3,-79.9,4485428.651890570,-6947517.297676300
278,,,42.4,-71.4,5055855.158535960,-5926130.532344190
279,,,35,-101.9,4223222.5789299400,-9024148.79897439
280,,,41.7,-72.7,4978517.873315130,-6075843.428818080
281,,,36.1,-78.6,4348986.041640940,-6901410.425920940
282,,,37.5,-77.5,4508090.636651800,-6727608.327502540
283,,,42.5,-71.5,5066877.25924736,-5928494.38685416
284,,,35,-85.1,4223222.5789299400,-7536359.791881460
285,,,41.9,-87.7,5000646.662737800,-7315138.032947920
286,,,40,-75.2,4789399.149897030,-6386559.417457830
287,,,40,-75.1,4789399.149897030,-6378066.652275040
288,,,40.9,-73.3,4889746.944553850,-6173233.053466720
289,,,34.1,-117.7,4119849.5791734400,-10493896.275519200
290,,,45.5,-93.6,5394399.796378010,-7518395.4326886900
292,,,47.7,-122.3,5630529.2916253900,-9575915.87838249
293,,,42.5,-87.9,5066877.25924736,-7288316.87558714
294,,,38.9,-77,4666079.097486390,-6604366.283218200
295,,,35.9,-79.1,4326168.419072050,-6956311.447258930
296,,,35.2,-106.3,4246136.773848660,-9399417.406326220
297,,,34.1,-84.7,4119849.5791734400,-7551682.366495110
298,,,39.7,-86.2,4755838.955352890,-7340806.4741397200
299,,,29.6,-82.4,3596995.5683894800,-7573304.111771070
300,,,37.3,-107.6,4485428.651890570,-9356105.897746810
301,,,42.3,-71.2,5044826.500767860,-5915426.608211900
302,,,36.8,-103.8,4428674.934840170,-9062888.746935620
303,,,39,-77,4677320.035485610,-6598543.451604080
304,,,37.8,-122.5,4542040.864253970,-10607163.250967000
305,,,40.1,-88.3,4800573.6500056000,-7492230.818261100
306,,,38.8,-97.6,4654832.224325930,-8378608.960156390
307,,,35.8,-78.8,4314751.463942470,-6935382.884391920
308,,,37.9,-122.2,4553346.138548650,-10572225.054538500
309,,,28.1,-81.8,3420659.5568959600,-7585839.061399720
310,,,39.7,-75.7,4755838.955352890,-6446624.71104845
311,,,35.9,-79.1,4326168.419072050,-6956311.447258930
312,,,41.6,-74.5,4967443.824256050,-6232334.712859010
313,,,42.4,-72.5,5055855.158535960,-6017429.462114200
314,,,28.2,-82.2,3432445.012437960,-7618513.18228269
316,,,36.1,-80.3,4348986.041640940,-7050677.572537550
317,,,37,-79.9,4451393.266128350,-6964748.851608170
318,,,38,-81.2,4564645.650180880,-7019107.58799679
319,,,35.8,-79.1,4314751.463942470,-6961786.626337570
320,,,33.6,-96.2,4062240.00108359,-8608336.955138390
321,,,43.2,-77.6,5143846.831917410,-6388717.751022740
322,,,30.6,-96.4,3714006.3811190200,-8804469.46924483
323,,,36.1,-78.9,4348986.041640940,-6927751.687088580
324,,,57,-135.3,6585573.908968320,-9266130.029960260
325,,,30,-90.1,3643853.5640797000,-8260446.435593730
326,,,42.4,-71.3,5055855.158535960,-5917830.6296378200
327,,,29.7,-95.8,3608716.7046406400,-8799449.200663850
328,,,40.7,-74,4867490.986514480,-6243953.318520530
329,,,37.8,-122.4,4542040.864253970,-10598504.342190700
330,,,34,-118.5,4108337.84708608,-10572991.01370930
331,,,43.5,-89.7,5176733.604059030,-7362034.185181920
332,,,42.4,-71.1,5055855.158535960,-5901230.824225090
333,,,44.9,-93.2,5329392.73674441,-7536030.013023880
334,,,40.7,-74,4867490.986514480,-6243953.318520530
335,,,38.7,-78.8,4643579.433349570,-6770622.664268830
336,,,42,-93.6,5011701.366996130,-7799591.795529910
337,,,42.5,-89,5066877.25924736,-7379524.481538740
338,,,37.7,-121.7,4530729.844432590,-10546791.58611250
339,,,42.1,-80,5022749.586837980,-6659744.54079935
340,,,33.8,-117.9,4085299.0747621000,-10534843.310703400
341,,,41.7,-72.2,4978517.873315130,-6034056.335084800
342,,,37.6,-122.3,4519413.09620004,-10607707.09191160
343,,,47.6,-122.4,5619873.989038880,-9595306.447247190
344,,,47.2,-122.5,5577177.512594200,-9649150.252562480
345,,,26.3,-81.8,3207824.7779730500,-7662268.815710880
346,,,42.3,-83.7,5044826.500767860,-6953949.538024390
347,,,37.6,-122,4519413.09620004,-10581686.551211900
348,,,31.9,-106.4,3865436.6832570100,-9634905.302828680
349,,,30.2,-92.1,3667255.8538518000,-8433191.694602740
350,,,47.1,-122.4,5566484.676306830,-9652696.313769010
351,,,40.8,-74,4878622.100046950,-6238077.569642650
352,,,41.8,-71.4,4989585.492155520,-5961376.091845490
353,,,34.8,-112.4,4200287.290140790,-9969141.626497660
354,,,44.9,-89.7,5329392.73674441,-7253024.594079850
355,,,36,-84.3,4337579.950562800,-7407764.008942300
356,,,26.1,-80.3,3184097.178776720,-7529784.064354860
357,,,39,-92.3,4677320.035485610,-7909682.604974760
358,,,39.1,-76.6,4688555.02095648,-6558456.730617630
359,,,38.8,-89.9,4654832.224325930,-7717591.65489815
360,,,45.4,-122.8,5383583.014860620,-9874873.587535240
361,,,42.3,-71.4,5044826.500767860,-5932042.975088900
362,,,40.1,-83,4800573.6500056000,-7042527.269713150
363,,,36.1,-78.4,4348986.041640940,-6883849.585142510
364,,,34.5,-77.4,4165845.096242590,-6880376.122310060
366,,,43.5,-90,5176733.604059030,-7386656.37309223
367,,,40.6,-80.3,4856353.621740940,-6781892.135123010
368,,,32.9,-117.2,3981375.261976040,-10539951.62410550
369,,,32.6,-97.4,3946644.695701930,-8777700.154605240
370,,,32.7,-117.1,3958226.452234750,-10545720.78927270
371,,,38,-122.3,4564645.650180880,-10571882.487832600
372,,,35.8,-78.6,4314751.463942470,-6917780.38976148
373,,,37,-92.6,4451393.266128350,-8071786.528897570
374,,,45.5,-122.6,5394399.796378010,-9847812.821021730
375,,,42.1,-72.6,5022749.586837980,-6043718.17077541
376,,,39.1,-94.6,4688555.02095648,-8099608.442773210
377,,,42.4,-71.1,5055855.158535960,-5901230.824225090
378,,,40.4,-79.9,4834060.209486080,-6760713.403757440
379,,,33.3,-81.1,4027613.6124500200,-7272786.875522300
380,,,34.1,-117.7,4119849.5791734400,-10493896.275519200
381,,,37.6,-122.1,4519413.09620004,-10590360.064778500
382,,,40.8,-73.9,4878622.100046950,-6229647.735089080
383,,,36,-78.9,4337579.950562800,-6933245.317978020
384,,,43,-89.5,5121888.767978500,-7383541.976032940
385,,,43.6,-116.4,5187682.367855,-9543469.31887988
386,,,30,-90.1,3643853.5640797000,-8260446.435593730
388,,,28.6,-81.3,3479544.8997717800,-7517450.25619643
389,,,35.6,-78.4,4291901.349772840,-6910983.26337402
390,,,35.1,-79.4,4234682.321429720,-7026207.912599650
391,,,35.9,-78.7,4326168.419072050,-6921134.145376460
392,,,40.7,-124.2,4867490.986514480,-10479716.245408800
393,,,41.8,-74.2,4989585.492155520,-6195155.546427670
395,,,32.2,-111,3900269.037317040,-10030963.527562300
396,,,42.9,-89.2,5110899.726537220,-7366294.044189210
397,,,33.7,-116.7,4073772.0673866200,-10435197.950968400
398,,,44.6,-123.2,5296794.158706940,-9994317.196287310
399,,,36.3,-94.2,4371781.835374490,-8257980.2345799000
400,,,43,-78.8,5121888.767978500,-6500816.845937380
401,,,40,-105.1,4789399.149897030,-8925896.207111940
402,,,38.7,-85.2,4643579.433349570,-7320520.951722140
403,,,40.3,-74.9,4822904.1974516700,-6343523.926024530
404,,,39.4,-77.3,4722224.088198900,-6600708.514377640
405,,,38.9,-77,4666079.097486390,-6604366.283218200
406,,,45.6,-84.5,5405209.441916060,-6779855.338302590
407,,,38.2,-122.7,4587227.316813160,-10588335.923289000
408,,,43.8,-72.2,5209559.543844550,-5907197.122261250
409,,,35.8,-78.9,4314751.463942470,-6944184.131707130
410,,,36.1,-79.1,4348986.041640940,-6945312.527867
411,,,42.4,-71.1,5055855.158535960,-5901230.824225090
412,,,40.7,-74,4867490.986514480,-6243953.318520530
413,,,33.1,-117.2,4004504.3588311600,-10525082.360030600
414,,,46.6,-122.3,5512909.179936820,-9701467.009203820
415,,,41.7,-72.2,4978517.873315130,-6034056.335084800
416,,,35.9,-78.4,4326168.419072050,-6894751.168964600
417,,,38.1,-78.5,4575939.381994570,-6779924.323388680
418,,,35.6,-82.7,4291901.349772840,-7290029.539298870
419,,,29.8,-95.7,3620433.426581930,-8784814.744281810
420,,,36.2,-86.7,4360386.675514760,-7606569.989973960
421,,,34.2,-84.1,4131356.186610760,-7492657.307802660
422,,,40.4,-80.1,4834060.209486080,-6777636.3409383100
423,,,41.3,-89.1,4934183.275767390,-7475325.954156130
424,,,35.9,-79.1,4326168.419072050,-6956311.447258930
425,,,35.9,-79,4326168.419072050,-6947517.121788310
426,,,39,-95.8,4677320.035485610,-8209616.398229490
427,,,39.3,-76.7,4711007.064735230,-6555338.294081020
428,,,31.7,-82.9,3842191.256225160,-7517013.312733400
429,,,36.2,-78.7,4360386.675514760,-6904695.019734150
430,,,43,-78.9,5121888.767978500,-6509066.613508360
431,,,36,-94.6,4337579.950562800,-8312864.475040820
432,,,34.1,-117.6,4119849.5791734400,-10484980.475794900
433,,,38.2,-78.4,4587227.316813160,-6765489.294098290
434,,,39.4,-86,4722224.088198900,-7343608.437729330
435,,,35.9,-78.9,4326168.419072050,-6938722.796317690
436,,,47.7,-122.2,5630529.2916253900,-9568086.02075503
437,,,37.4,-79.2,4496762.482863400,-6880924.232276600
438,,,36.3,-115.2,4371781.835374490,-10098931.242288800
439,,,42.8,-74.8,5099904.036616810,-6183390.816076780
440,,,35.2,-82.1,4246136.773848660,-7259568.852863430
441,,,37.8,-122.3,4542040.864253970,-10589845.433414400
442,,,37.1,-122,4462744.02651625,-10625789.98238770
443,,,34.8,-81.2,4200287.290140790,-7201906.584266990
444,,,33.4,-95.9,4039160.7572465200,-8593852.113357500
445,,,46.2,-123.2,5469916.3826618100,-9818023.62881203
446,,,35.8,-78.7,4314751.463942470,-6926581.637076700
447,,,29.7,-82.3,3608716.7046406400,-7559443.311217480
448,,,43.1,-87.9,5132871.142571280,-7244134.710897140
450,,,34.3,-83,4142857.652928050,-7389181.099056890
451,,,40.2,-74.7,4811742.005070370,-6332437.77528684
452,,,39,-77,4677320.035485610,-6598543.451604080
453,,,42.3,-71.2,5044826.500767860,-5915426.608211900
454,,,42.3,-73.4,5044826.500767860,-6098206.643858900
455,,,35.9,-78.4,4326168.419072050,-6894751.168964600
456,,,29.7,-91.3,3608716.7046406400,-8386113.904181720
457,,,35.2,-80.8,4246136.773848660,-7144618.310735260
458,,,35.7,-78.6,4303329.101929990,-6923204.887550890
459,,,29.6,-82.4,3596995.5683894800,-7573304.111771070
460,,,33.7,-84.4,4073772.0673866200,-7546964.0707945900
461,,,37.8,-78.5,4542040.864253970,-6797243.389395170
462,,,41.5,-75.7,4956363.362991370,-6338860.516265830
463,,,42.2,-77.8,5033791.304144010,-6470192.463917610
464,,,41.7,-72.9,4978517.873315130,-6092558.266311390
465,,,35.8,-78.8,4314751.463942470,-6935382.884391920
466,,,39.5,-84.7,4733435.0894455200,-7226106.7580826400
467,,,42.3,-71.1,5044826.500767860,-5907118.424773400
468,,,41.3,-72.9,4934183.275767390,-6116175.780673200
469,,,33.7,-90.7,4073772.0673866200,-8110303.805936850
470,,,26.6,-81.9,3243387.025495490,-7659243.755348810
471,,,39.4,-77.5,4722224.088198900,-6617786.673535150
472,,,35.1,-80.7,4234682.321429720,-7141246.581193850
473,,,45.6,-110.6,5405209.441916060,-8873988.170606710
474,,,35.2,-80.8,4246136.773848660,-7144618.310735260
475,,,41.9,-88.8,5000646.662737800,-7406890.04932469
476,,,41.9,-87.9,5000646.662737800,-7331820.217743700
478,,,43.4,-87.9,5165778.08113223,-7221787.962540880
479,,,34,-81,4108337.84708608,-7227107.781522830
480,,,43.9,-91.6,5220487.918857970,-7486568.078017300
481,,,36.2,-79,4360386.675514760,-6931015.33111814
482,,,37.2,-82.5,4474089.16076935,-7179541.977482270
483,,,35.9,-78.5,4326168.419072050,-6903545.49443522
484,,,35.7,-78.6,4303329.101929990,-6923204.887550890
485,,,45.5,-122.8,5394399.796378010,-9863877.768527480
486,,,40.7,-74.3,4867490.986514480,-6269266.642784810
487,,,39.2,-78.1,4699784.036510030,-6680947.407173120
488,,,44.9,-93.2,5329392.73674441,-7536030.013023880
489,,,30.2,-97.7,3667255.8538518000,-8945959.050626360
490,,,46.7,-92.1,5523639.055615070,-7297355.111355000
491,,,42.7,-82.9,5088901.716558090,-6859918.49324919
492,,,42.4,-71.1,5055855.158535960,-5901230.824225090
493,,,35.8,-81.3,4314751.463942470,-7155414.06727237
494,,,38,-84.5,4564645.650180880,-7304366.8865237500
495,,,42.3,-83.3,5044826.500767860,-6920716.804270390
496,,,37.9,-122.3,4553346.138548650,-10580876.629869600
497,,,43.1,-92.3,5132871.142571280,-7606753.51326287
498,,,37.4,-122.1,4496762.482863400,-10608091.52475980
499,,,41.5,-75.6,4956363.362991370,-6330486.856402860
500,,,30.8,-96.3,3737354.363568450,-8784005.680882980
501,,,40,-75.8,4789399.149897030,-6437516.0085545700
502,,,42.4,-71.1,5055855.158535960,-5901230.824225090
503,,,35,-80.8,4223222.5789299400,-7155556.653161240
504,,,32.8,-105.8,3969803.3130784900,-9521414.006492390
505,,,45.6,-122.7,5405209.441916060,-9844831.361061870
506,,,29.7,-82.3,3608716.7046406400,-7559443.311217480
507,,,45.8,-87.1,5426807.248270850,-6972771.813819550
508,,,37.3,-121.9,4485428.651890570,-10599528.893451100
509,,,37.8,-122.2,4542040.864253970,-10581186.524638100
510,,,39.7,-105,4755838.955352890,-8941817.630912650
511,,,34.7,-86.7,4188811.7770359700,-7695527.243883820
512,,,44.5,-73.2,5285914.011212910,-5944591.865513070
513,,,38.5,-121.7,4621056.167222770,-10474888.272187800
514,,,37.6,-122,4519413.09620004,-10581686.551211900
515,,,35.8,-78.8,4314751.463942470,-6935382.884391920
516,,,26.8,-80.7,3267075.5754387100,-7538800.941173610
517,,,36,-97,4337579.950562800,-8523761.67102494
518,,,35.2,-79,4246136.773848660,-6985456.021634720
519,,,38.8,-104.8,4654832.224325930,-8996703.063774480
520,,,43.4,-71.6,5165778.08113223,-5882594.062775050
521,,,42.4,-71.1,5055855.158535960,-5901230.824225090
522,,,40.3,-79.6,4822904.1974516700,-6741582.1697136600
523,,,40.8,-77.8,4878622.100046950,-6558411.2826783500
524,,,46.9,-114,5545076.6816602700,-9011457.641901710
525,,,41.6,-91,4967443.824256050,-7612650.454633160
526,,,33.8,-112,4085299.0747621000,-10007654.374883600
527,,,35.9,-79,4326168.419072050,-6947517.121788310
528,,,32.4,-80.7,3923466.5605251500,-7282770.237447510
529,,,35.8,-78.6,4314751.463942470,-6917780.38976148
530,,,47.6,-122.4,5619873.989038880,-9595306.447247190
531,,,34,-84.2,4108337.84708608,-7512623.150669420
532,,,43.7,-93,5198624.35397517,-7616975.256731240
533,,,40.1,-83,4800573.6500056000,-7042527.269713150
534,,,35.8,-78.8,4314751.463942470,-6935382.884391920
535,,,42.8,-71.6,5099904.036616810,-5918860.727688470
536,,,28,-82.4,3408869.9392443000,-7645895.874407510
537,,,45.5,-122.6,5394399.796378010,-9847812.821021730
539,,,38.8,-90.6,4654832.224325930,-7777684.137194350
540,,,37,-122,4451393.266128350,-10634535.167662000
541,,,35.8,-78.6,4314751.463942470,-6917780.38976148
542,,,36.6,-93.3,4405934.302497930,-8159363.958971900
543,,,39.6,-79.1,4744640.050997060,-6742266.749318290
544,,,38.6,-90.2,4632320.741881080,-7756893.612147690
545,,,39,-76.7,4677320.035485610,-6572834.840753680
546,,,34.4,-119.8,4154353.9616393300,-10657421.74793540
547,,,33.9,-84.3,4096821.006802830,-7527054.779813970
548,,,31.1,-97.4,3772341.8763246900,-8867006.670273640
549,,,30.4,-97.7,3690640.1686725600,-8934619.369548440
550,,,27.3,-82.5,3326227.391382020,-7685662.344589230
551,,,37.7,-78.7,4530729.844432590,-6820316.333829540
552,,,37.9,-122.1,4553346.138548650,-10563573.479207500
553,,,33.8,-118.4,4085299.0747621000,-10579520.339162700
554,,,44.5,-73.2,5285914.011212910,-5944591.865513070
555,,,37.8,-88.4,4542040.864253970,-7654475.358248830
556,,,36,-79.8,4337579.950562800,-7012331.766472070
557,,,38.1,-122.3,4575939.381994570,-10562862.990451400
558,,,34.1,-118.3,4119849.5791734400,-10547391.073865100
559,,,43.1,-75.3,5132871.142571280,-6205726.322304380
560,,,36.1,-80.3,4348986.041640940,-7050677.572537550
561,,,36.1,-87.2,4348986.041640940,-7656526.579393200
562,,,43,-89.6,5121888.767978500,-7391791.743603920
563,,,45.5,-122.7,5394399.796378010,-9855845.294774610
564,,,27.3,-80.3,3326227.391382020,-7480711.348733520
565,,,35,-78.9,4223222.5789299400,-6987294.80116859
566,,,30.5,-97.9,3702325.5456642800,-8947198.61834568
567,,,29.8,-95.4,3620433.426581930,-8757276.140067770
569,,,39.7,-75.6,4755838.955352890,-6438108.694257110
570,,,40.2,-75,4811742.005070370,-6357869.252296020
571,,,35.9,-78.6,4326168.419072050,-6912339.819905840
572,,,35.9,-83.9,4326168.419072050,-7378439.069848600
573,,,44.9,-93.2,5329392.73674441,-7536030.013023880
574,,,28.6,-81.4,3479544.8997717800,-7526696.812477120
575,,,43,-89.7,5121888.767978500,-7400041.51117491
576,,,38.8,-104.9,4654832.224325930,-9005287.704102510
577,,,36.1,-75.7,4348986.041640940,-6646778.234633780
578,,,35.9,-79.1,4326168.419072050,-6956311.447258930
579,,,33.2,-97.1,4016061.474201260,-8713823.85358606
580,,,25.6,-80.4,3124711.063928320,-7558964.37215605
581,,,36.3,-78.6,4371781.835374490,-6890416.62885329
582,,,32.4,-97.3,3923466.5605251500,-8780836.9777403
583,,,33.5,-117.6,4050702.892244760,-10530879.690391200
584,,,31.4,-109.9,3807287.6516554900,-9985211.843008320
585,,,42.4,-71,5055855.158535960,-5892930.921518730
586,,,28,-82.7,3408869.9392443000,-7673732.873950250
587,,,33.5,-112,4050702.892244760,-10029409.22894400
588,,,27.6,-80.4,3361670.160740310,-7477388.745605860
589,,,38.1,-81.1,4575939.381994570,-7004482.326456330
590,,,29.7,-82.4,3608716.7046406400,-7568628.540028200
591,,,40.8,-91.2,4878622.100046950,-7688009.11285689
592,,,43.1,-75.3,5132871.142571280,-6205726.322304380
593,,,42.8,-88.9,5099904.036616810,-7348976.518037780
594,,,34.1,-118.4,4119849.5791734400,-10556306.873589400
595,,,42.1,-72.6,5022749.586837980,-6043718.17077541
596,,,42.1,-88,5022749.586837980,-7325718.994879280
597,,,32,-81.1,3877052.25561923,-7338925.113898340
598,,,36.2,-81.8,4360386.675514760,-7176671.570702070
599,,,44.4,-89.7,5275026.917762740,-7292396.4973362900
600,,,35.7,-78.8,4303329.101929990,-6940821.184974690
601,,,35.3,-82,4257585.919552410,-7245151.048072950
602,,,29.7,-82.4,3608716.7046406400,-7568628.540028200
603,,,33.6,-117.9,4062240.00108359,-10550134.376411800
604,,,37.3,-90.1,4485428.651890570,-7834434.399507320
606,,,44.9,-93.3,5329392.73674441,-7544115.8821365700
607,,,44.9,-93.2,5329392.73674441,-7536030.013023880
608,,,39.1,-94.6,4688555.02095648,-8099608.442773210
609,,,33,-96.7,3992942.2826557200,-8690234.934095960
610,,,43.4,-124.2,5165778.08113223,-10204164.561405900
611,,,41.8,-71.4,4989585.492155520,-5961376.091845490
612,,,44.5,-73.1,5285914.011212910,-5936470.838374390
613,,,35.6,-82.6,4291901.349772840,-7281214.5096262
614,,,31.2,-97.3,3783995.126970670,-8852091.569043220
615,,,47.7,-122.2,5630529.2916253900,-9568086.02075503
616,,,35.2,-92.6,4246136.773848660,-8188015.539283230
617,,,40.8,-73.9,4878622.100046950,-6229647.735089080
618,,,35.1,-80.7,4234682.321429720,-7141246.581193850
619,,,42.6,-70.9,5077892.78467351,-5872843.339283240
620,,,46.4,-117,5491427.401177940,-9302541.32975124
621,,,41.6,-74.1,4967443.824256050,-6198872.513058430
622,,,33.3,-108.7,4027613.6124500200,-9747866.009485510
623,,,31.7,-93.2,3842191.256225160,-8450972.747246720
624,,,44.4,-88.5,5275026.917762740,-7194839.35355922
625,,,42.4,-71.2,5055855.158535960,-5909530.726931460
626,,,32.4,-88.7,3923466.5605251500,-8004730.112287410
627,,,36,-78.9,4337579.950562800,-6933245.317978020
628,,,32.7,-117.1,3958226.452234750,-10545720.78927270
629,,,35.8,-78.8,4314751.463942470,-6935382.884391920
630,,,32.9,-97.2,3981375.261976040,-8741325.067090940
631,,,35.9,-79.1,4326168.419072050,-6956311.447258930
632,,,44.1,-121.3,5242324.149743860,-9893028.64521302
633,,,39,-94.7,4677320.035485610,-8115351.491778010
634,,,38.5,-122.6,4621056.167222770,-10552352.523995300
635,,,32.8,-97.1,3969803.3130784900,-8738462.19310407
636,,,32.8,-97.3,3969803.3130784900,-8756461.08536587
637,,,41.7,-71.4,4978517.873315130,-5967196.985111570
638,,,42.5,-85.5,5066877.25924736,-7089318.4626018300
639,,,38.9,-77.2,4666079.097486390,-6621520.481356430
640,,,46.1,-123.1,5459149.957149550,-9821267.823375410
641,,,32.7,-97.4,3958226.452234750,-8771590.135569280
642,,,42.7,-86,5088901.716558090,-7116441.380210260
643,,,47.1,-123.1,5566484.676306830,-9707899.642360820
644,,,34,-81.1,4108337.84708608,-7236030.136808660
645,,,33.9,-84.4,4096821.006802830,-7535983.6704187400
646,,,33.9,-83.4,4096821.006802830,-7446694.764371120
647,,,32.7,-117.3,3958226.452234750,-10563732.267990500
648,,,42.1,-80.1,5022749.586837980,-6668069.221475350
649,,,41.8,-91.1,4989585.492155520,-7606181.540155800
650,,,34.3,-85.2,4142857.652928050,-7585038.9113210500
651,,,38.8,-92,4654832.224325930,-7897869.101786760
652,,,35.9,-79.1,4326168.419072050,-6956311.447258930
653,,,42.5,-83.7,5066877.25924736,-6940069.652862840
654,,,37.8,-122.3,4542040.864253970,-10589845.433414400
655,,,33.6,-80.4,4062240.00108359,-7194493.67144622
656,,,28.6,-81.5,3479544.8997717800,-7535943.368757800
657,,,29.5,-95.1,3585270.0336773000,-8745926.14343469
658,,,35.8,-78.5,4314751.463942470,-6908979.142446260
659,,,44.1,-91.7,5242324.149743860,-7478901.292382800
660,,,45,-93.3,5340244.911544240,-7535864.172213440
661,,,40.3,-74.5,4822904.1974516700,-6309646.628689290
662,,,29.6,-82.4,3596995.5683894800,-7573304.111771070
663,,,42.4,-71.2,5055855.158535960,-5909530.726931460
664,,,38.4,-79,4609785.726655620,-6805531.672071500
665,,,40.7,-73.5,4867490.986514480,-6201764.444746750
666,,,43.3,-88.6,5154815.8175898200,-7286826.72743105
667,,,39.9,-75.1,4778218.522360790,-6383903.080339560
668,,,40,-75.2,4789399.149897030,-6386559.417457830
669,,,64.8,-147.7,7322722.255141750,-8643375.912050040
670,,,37.8,-122.4,4542040.864253970,-10598504.342190700
671,,,35.7,-80.5,4303329.101929990,-7090559.713076930
672,,,43.7,-116.5,5198624.35397517,-9541694.810851490
673,,,42.3,-71.1,5044826.500767860,-5907118.424773400
674,,,34,-118.5,4108337.84708608,-10572991.01370930
675,,,42.2,-83.7,5033791.304144010,-6960862.586502630
676,,,39.7,-105,4755838.955352890,-8941817.630912650
677,,,37.6,-88.5,4519413.09620004,-7676059.506411920
678,,,33,-96.7,3992942.2826557200,-8690234.934095960
679,,,36,-78.9,4337579.950562800,-6933245.317978020
680,,,39,-94.6,4677320.035485610,-8106781.95482787
681,,,32.9,-103.4,3981375.261976040,-9298899.299765470
682,,,32.5,-99.7,3935058.0597226500,-8991210.704801580
683,,,41.1,-73.8,4911977.755229250,-6203544.570539680
684,,,43.1,-88.2,5132871.142571280,-7268858.720149350
685,,,43.1,-87.9,5132871.142571280,-7244134.710897140
686,,,27.8,-80.5,3385278.2802731600,-7478173.62464581
687,,,33,-96.7,3992942.2826557200,-8690234.934095960
688,,,30.7,-96.2,3725682.6590776600,-8780553.139127800
689,,,40.8,-89.6,4878622.100046950,-7553131.759999750
690,,,41.6,-93.5,4967443.824256050,-7821789.203386810
691,,,37.4,-77.7,4496762.482863400,-6750603.697574390
692,,,35.1,-106.6,4234682.321429720,-9433170.82472447
693,,,37.2,-93.3,4474089.16076935,-8119409.290898130
694,,,35.8,-78.6,4314751.463942470,-6917780.38976148
695,,,42.9,-71.3,5110899.726537220,-5888080.329043620
696,,,42.8,-88.8,5099904.036616810,-7340709.952775650
697,,,31.3,-85.7,3795643.7240973900,-7791619.175892280
698,,,47.1,-122.4,5566484.676306830,-9652696.313769010
699,,,35.8,-80.9,4314751.463942470,-7120209.078011500
700,,,38,-78.5,4564645.650180880,-6785713.61647473
701,,,44.6,-69.3,5296794.158706940,-5621803.4229116100
702,,,41,-74.9,4900865.502225980,-6302004.11090638
703,,,35.9,-78.6,4326168.419072050,-6912339.819905840
704,,,39,-92.4,4677320.035485610,-7918252.141924900
705,,,35.4,-97.5,4269029.741889590,-8608012.075847820
706,,,37.7,-121.9,4530729.844432590,-10564124.029146400
707,,,39.2,-78.1,4699784.036510030,-6680947.407173120
708,,,42.4,-71.1,5055855.158535960,-5901230.824225090
709,,,39,-77.4,4677320.035485610,-6632821.599404620
710,,,41.9,-87.7,5000646.662737800,-7315138.032947920
711,,,36.1,-79,4348986.041640940,-6936532.107477790
712,,,35.2,-79,4246136.773848660,-6985456.021634720
713,,,40.9,-74.8,4889746.944553850,-6299561.151423060
714,,,40,-82.9,4789399.149897030,-7040502.3365326400
715,,,33.9,-82.4,4096821.006802830,-7357405.858323510
716,,,40,-83,4789399.149897030,-7048995.101715430
717,,,43.1,-88.1,5132871.142571280,-7260617.383731950
718,,,35.2,-80.9,4246136.773848660,-7153460.660129740
719,,,42.9,-78.8,5110899.726537220,-6507443.617512440
720,,,41.5,-74.9,4956363.362991370,-6271871.237362100
721,,,39.7,-105.2,4755838.955352890,-8958849.664495340
722,,,35.8,-79.1,4314751.463942470,-6961786.626337570
723,,,44.5,-91.2,5285914.011212910,-7406376.750475300
724,,,36,-79.1,4337579.950562800,-6950820.08431003
725,,,40.4,-78.7,4834060.209486080,-6659175.78067222
726,,,35.8,-78.7,4314751.463942470,-6926581.637076700
727,,,40,-105.3,4789399.149897030,-8942881.737477520
728,,,41.5,-72.7,4956363.362991370,-6087650.720376830
729,,,37.9,-122.5,4553346.138548650,-10598179.780531700
730,,,35.5,-82.4,4280468.224191660,-7269237.532614240
731,,,43.1,-89.4,5132871.142571280,-7367754.757158190
732,,,40.1,-88.2,4800573.6500056000,-7483745.845646990
733,,,39.7,-80,4755838.955352890,-6812813.4330763000
734,,,37.4,-122.2,4496762.482863400,-10616779.560406600
736,,,42.2,-72.3,5033791.304144010,-6012788.112355320
737,,,41.8,-71.4,4989585.492155520,-5961376.091845490
738,,,36.2,-97.1,4360386.675514760,-8519007.451285710
739,,,37.5,-121.9,4508090.636651800,-10581876.840291100
740,,,42.7,-89.2,5088901.716558090,-7381239.199008780
741,,,38.1,-87.6,4575939.381994570,-7565877.334125450
742,,,40.7,-112,4867490.986514480,-9450307.725328380
743,,,45.9,-89.2,5437595.370609270,-7132820.837521220
744,,,39.2,-78.2,4699784.036510030,-6689501.757246320
745,,,35.9,-79,4326168.419072050,-6947517.121788310
746,,,39.7,-104.9,4755838.955352890,-8933301.614121300
747,,,40.9,-96.7,4889746.944553850,-8143951.381585700
748,,,27,-82.1,3290748.288407640,-7661159.119141300
749,,,33.1,-97,4004504.3588311600,-8711032.328694300
750,,,35.2,-79.4,4246136.773848660,-7020825.419212620
751,,,37.3,-121.9,4485428.651890570,-10599528.893451100
752,,,39.3,-76.6,4711007.064735230,-6546791.568795390
753,,,37,-122,4451393.266128350,-10634535.167662000
754,,,38.4,-78.9,4609785.726655620,-6796917.075018240
755,,,35.9,-78.7,4326168.419072050,-6921134.145376460
756,,,42.1,-79.9,5022749.586837980,-6651419.860123350
757,,,39.4,-76.6,4722224.088198900,-6540934.957326350
758,,,39.7,-79.9,4755838.955352890,-6804297.416284960
759,,,32.7,-97.1,3958226.452234750,-8744572.91749258
760,,,37.6,-77.5,4519413.09620004,-6721973.014089530
761,,,37,-93.4,4451393.266128350,-8141521.185734700
762,,,30.7,-96.4,3725682.6590776600,-8798807.927358830
763,,,43,-89.5,5121888.767978500,-7383541.976032940
764,,,35.8,-81.3,4314751.463942470,-7155414.06727237
765,,,41.2,-96,4923083.685704510,-8061947.548687550
766,,,42.1,-71.2,5022749.586837980,-5927172.64131142
767,,,38,-84.4,4564645.650180880,-7295722.665356270
768,,,35.9,-82.1,4326168.419072050,-7220141.211377470
769,,,35.9,-79.1,4326168.419072050,-6956311.447258930
770,,,35.1,-106.7,4234682.321429720,-9442019.95307787
771,,,19.6,-155,2405266.2884382500,-14972041.323373700
772,,,45,-93.2,5340244.911544240,-7527787.147377200
773,,,32.8,-97.4,3969803.3130784900,-8765460.53149677
774,,,35.2,-94.3,4246136.773848660,-8338335.4789893000
775,,,42,-87.7,5011701.366996130,-7307950.859700570
776,,,35.9,-79.3,4326168.419072050,-6973900.098200170
777,,,36.3,-79.4,4371781.835374490,-6960548.09581363
778,,,35.6,-78.5,4291901.349772840,-6919798.293046690
779,,,39.3,-78.9,4711007.064735230,-6743366.25036496
780,,,40.5,-105,4845210.023486280,-8876271.344749650
781,,,37.2,-80.4,4474089.16076935,-6996789.999873630
782,,,38.8,-77.3,4654832.224325930,-6635926.973566490
783,,,45.6,-122.7,5405209.441916060,-9844831.361061870
784,,,42.4,-71.2,5055855.158535960,-5909530.726931460
785,,,32.7,-97.4,3958226.452234750,-8771590.135569280
786,,,33.9,-117.9,4096821.006802830,-10527162.023013900
787,,,41.5,-81.7,4956363.362991370,-6841280.108043840
788,,,42.9,-112.4,5110899.726537220,-9282191.14985277
789,,,30.4,-90.1,3690640.1686725600,-8239602.919102510
790,,,40.6,-75.5,4856353.621740940,-6376498.831902700
791,,,43,-88,5121888.767978500,-7259795.462468140
792,,,36.3,-80.2,4371781.835374490,-7030679.562773970
793,,,29.7,-82.4,3608716.7046406400,-7568628.540028200
794,,,42.2,-88.3,5033791.304144010,-7343418.953263820
795,,,47.7,-122.2,5630529.2916253900,-9568086.02075503
796,,,38.5,-92.2,4621056.167222770,-7935782.240720770
797,,,33.1,-117.1,4004504.3588311600,-10516101.91433100
798,,,45.9,-89.1,5437595.370609270,-7124824.4016047200
799,,,39.1,-84.5,4688555.02095648,-7234851.0931748
800,,,43,-70.8,5121888.767978500,-5840835.440258460
801,,,28.3,-82.3,3444226.2901915700,-7623339.395393580
802,,,36,-80,4337579.950562800,-7029906.532804080
803,,,47.8,-122.3,5641177.027723770,-9564336.9819914
804,,,39.7,-79.9,4755838.955352890,-6804297.416284960
805,,,33,-96.8,3992942.2826557200,-8699221.733407330
806,,,37.8,-122.4,4542040.864253970,-10598504.342190700
807,,,38,-78.5,4564645.650180880,-6785713.61647473
808,,,43.9,-70,5220487.918857970,-5721176.478834180
809,,,36.3,-119.3,4371781.835374490,-10458355.010460500
810,,,35.8,-79,4314751.463942470,-6952985.379022350
811,,,38.9,-77.1,4666079.097486390,-6612943.382287320
812,,,35.4,-78.6,4269029.741889590,-6939382.042683470
813,,,37.8,-122.5,4542040.864253970,-10607163.250967000
814,,,40.7,-74,4867490.986514480,-6243953.318520530
815,,,36,-75.7,4337579.950562800,-6652049.056665860
816,,,34.4,-88.9,4154353.9616393300,-7908554.201932020
817,,,35.5,-82.5,4280468.224191660,-7278059.422823720
818,,,38.3,-78.5,4598509.437439490,-6768296.869541290
819,,,35.7,-78.5,4303329.101929990,-6914396.738839000
820,,,35.9,-78.6,4326168.419072050,-6912339.819905840
821,,,32.4,-111.1,3923466.5605251500,-10026217.761839100
822,,,28,-82,3408869.9392443000,-7608779.875017180
823,,,38.1,-78.5,4575939.381994570,-6779924.323388680
824,,,37.5,-122.2,4508090.636651800,-10607919.195107200
825,,,38.9,-85.9,4666079.097486390,-7367728.1003694000
826,,,28.2,-80.6,3432445.012437960,-7470220.954890330
827,,,37.8,-122.4,4542040.864253970,-10598504.342190700
828,,,38.6,-76.8,4632320.741881080,-6604539.12874659
829,,,34.4,-119.8,4154353.9616393300,-10657421.74793540
830,,,36,-79.2,4337579.950562800,-6959607.467476040
831,,,38.7,-90.5,4643579.433349570,-7775905.471019400
832,,,42.5,-71.1,5066877.25924736,-5895327.984689940
833,,,42.2,-122.7,5033791.304144010,-10204275.261217100
834,,,36.9,-86.4,4440036.896583450,-7537518.453197710
835,,,38.8,-121,4654832.224325930,-10387414.796915200
836,,,39,-77.3,4677320.035485610,-6624252.062454490
837,,,40.8,-83.8,4878622.100046950,-7064201.355892620
838,,,43.2,-87.9,5143846.831917410,-7236704.772099210
839,,,40,-75.2,4789399.149897030,-6386559.417457830
840,,,36.7,-93.2,4417307.397838100,-8144014.629473140
841,,,45.5,-122.7,5394399.796378010,-9855845.294774610
842,,,38.4,-85.4,4609785.726655620,-7356865.8834798200
843,,,42.9,-71.4,5110899.726537220,-5896338.506223200
844,,,39.7,-86.1,4755838.955352890,-7332290.457348370
845,,,39.1,-77.1,4688555.02095648,-6601266.500399730
846,,,33.2,-111.7,4016061.474201260,-10024038.356802900
847,,,34.1,-118.3,4119849.5791734400,-10547391.073865100
848,,,38.1,-81,4575939.381994570,-6995845.480184500
849,,,40.3,-76.8,4822904.1974516700,-6504441.0883669400
850,,,40.7,-111.8,4867490.986514480,-9433432.17581886
851,,,34,-118.5,4108337.84708608,-10572991.01370930
852,,,44.6,-123.3,5296794.158706940,-10002429.466738800
853,,,35.8,-78.8,4314751.463942470,-6935382.884391920
854,,,45.5,-94.1,5394399.796378010,-7558557.801453060
855,,,37.3,-107.9,4485428.651890570,-9382191.694859490
856,,,42.1,-93.6,5022749.586837980,-7791901.112735240
857,,,35.8,-78.7,4314751.463942470,-6926581.637076700
858,,,42.4,-71.1,5055855.158535960,-5901230.824225090
859,,,34.6,-87.1,4177331.040219620,-7736847.288252590
860,,,44.9,-91.4,5329392.73674441,-7390484.368995520
861,,,40,-105.4,4789399.149897030,-8951374.502660310
862,,,37.9,-122.3,4553346.138548650,-10580876.629869600
863,,,45.7,-92.5,5416011.932287590,-7413411.618590540
864,,,47.7,-122.4,5630529.2916253900,-9583745.73600995
865,,,21.4,-157.7,2622329.9294604200,-15122464.422112100
866,,,43.1,-89.5,5132871.142571280,-7375996.09357559
867,,,42.5,-70.9,5066877.25924736,-5878744.783607830
868,,,40.2,-105.3,4811742.005070370,-8926448.43022362
869,,,41.7,-71.8,4978517.873315130,-6000626.660098190
870,,,40,-75.7,4789399.149897030,-6429023.243371780
871,,,32.7,-80,3958226.452234750,-7204591.487120560
872,,,39,-77.1,4677320.035485610,-6607112.988554220
873,,,38.1,-122.3,4575939.381994570,-10562862.990451400
874,,,41.2,-73.2,4923083.685704510,-6147235.005874260
875,,,33.7,-82,4073772.0673866200,-7332358.457407070
876,,,25.7,-80.4,3136595.895576170,-7555035.15796457
877,,,35.9,-78.7,4326168.419072050,-6921134.145376460
878,,,33.4,-111.9,4039160.7572465200,-10027654.342906200
879,,,41.9,-87.6,5000646.662737800,-7306796.940550030
880,,,35.1,-106.7,4234682.321429720,-9442019.95307787
881,,,39,-77.1,4677320.035485610,-6607112.988554220
882,,,48.1,-122.9,5673074.636792470,-9576185.299795080
883,,,36,-79,4337579.950562800,-6942032.701144030
884,,,40.6,-105.1,4856353.621740940,-8876424.201761250
885,,,31.1,-84.8,3772341.8763246900,-7719940.098965140
886,,,39.2,-76.9,4699784.036510030,-6578295.206294660
887,,,37,-122,4451393.266128350,-10634535.167662000
888,,,45.5,-122.5,5394399.796378010,-9839780.347268860
889,,,33.9,-86.8,4096821.006802830,-7750277.044933010
890,,,33,-80.1,3992942.2826557200,-7198426.2484083300
891,,,39.3,-94.9,4711007.064735230,-8110842.296066350
892,,,42.6,-88.4,5077892.78467351,-7322416.801024520
893,,,33.4,-111.5,4039160.7572465200,-9991809.287167480
894,,,42.4,-71.1,5055855.158535960,-5901230.824225090
895,,,42.4,-71.1,5055855.158535960,-5901230.824225090
896,,,40.9,-80.8,4889746.944553850,-6804873.543248440
897,,,39,-77.1,4677320.035485610,-6607112.988554220
898,,,38.1,-79,4575939.381994570,-6823108.55474784
899,,,37.8,-122.4,4542040.864253970,-10598504.342190700
900,,,43.1,-76.3,5132871.142571280,-6288139.686478410
901,,,44,-123.1,5231409.460379820,-10050478.971993700
902,,,39.1,-77.2,4688555.02095648,-6609828.45435615
903,,,36.1,-79.1,4348986.041640940,-6945312.527867
904,,,35.2,-80.8,4246136.773848660,-7144618.310735260
905,,,43,-71.5,5121888.767978500,-5898583.813255360
906,,,30.3,-97.7,3678950.266090380,-8940298.924264340
907,,,37.8,-122.4,4542040.864253970,-10598504.342190700
908,,,33.7,-117.9,4073772.0673866200,-10542500.75766210
909,,,39.8,-84.1,4767031.784989590,-7155469.582152080
910,,,42.2,-71.2,5033791.304144010,-5921307.242042860
911,,,41.8,-79.8,4989585.492155520,-6662714.4555920200
912,,,42.6,-71.8,5077892.78467351,-5947392.831601360
913,,,29.8,-95.4,3620433.426581930,-8757276.140067770
914,,,35.8,-78.6,4314751.463942470,-6917780.38976148
915,,,30.5,-97.7,3702325.5456642800,-8928920.378063050
916,,,40.3,-75.3,4822904.1974516700,-6377401.223359780
917,,,35.3,-80.7,4257585.919552410,-7130288.897310820
918,,,41.3,-73.8,4934183.275767390,-6191684.123644470
919,,,37.2,-93.1,4474089.16076935,-8102004.340649690
920,,,37.6,-122.3,4519413.09620004,-10607707.09191160
921,,,37.2,-80.4,4474089.16076935,-6996789.999873630
922,,,40.4,-79.9,4834060.209486080,-6760713.403757440
923,,,38.6,-121.7,4632320.741881080,-10465786.614172700
924,,,36.3,-115.3,4371781.835374490,-10107697.675658800
925,,,32.9,-79.8,3981375.261976040,-7176519.9624882400
926,,,40.7,-74,4867490.986514480,-6243953.318520530
927,,,40.7,-74,4867490.986514480,-6243953.318520530
928,,,40,-86.2,4789399.149897030,-7320763.587564700
929,,,40.3,-74.8,4822904.1974516700,-6335054.601690720
930,,,42.5,-71.1,5066877.25924736,-5895327.984689940
931,,,38.3,-122.5,4598509.437439490,-10561991.930175900
932,,,41,-80.6,4900865.502225980,-6781595.87902609
933,,,40.7,-74,4867490.986514480,-6243953.318520530
934,,,41.6,-93.6,4967443.824256050,-7830154.753336960
935,,,48.5,-111.9,5715497.632795170,-8676146.23865337
936,,,33.2,-86.6,4016061.474201260,-7771546.299902710
937,,,40.7,-74,4867490.986514480,-6243953.318520530
938,,,43.9,-88.5,5220487.918857970,-7233201.691097500
939,,,41.9,-71.4,5000646.662737800,-5955539.972092150
940,,,32.8,-117.2,3969803.3130784900,-10547350.865415000
941,,,37.5,-120.9,4508090.636651800,-10495068.99090400
942,,,40,-105.3,4789399.149897030,-8942881.737477520
943,,,42.1,-70.7,5022749.586837980,-5885549.237931430
944,,,37.3,-79.9,4485428.651890570,-6947517.297676300
945,,,40.1,-105.4,4800573.6500056000,-8943161.135274290
946,,,35.8,-78.8,4314751.463942470,-6935382.884391920
947,,,39.1,-78,4688555.02095648,-6678324.0860075100
948,,,29.7,-82.3,3608716.7046406400,-7559443.311217480
949,,,40.7,-80.1,4867490.986514480,-6758657.578560740
950,,,42,-87.7,5011701.366996130,-7307950.859700570
951,,,40.8,-74.4,4878622.100046950,-6271796.907856940
952,,,37,-122,4451393.266128350,-10634535.167662000
953,,,40.1,-105.3,4800573.6500056000,-8934676.162660180
954,,,35.6,-101.6,4291901.349772840,-8956070.14743368
955,,,28.2,-82.2,3432445.012437960,-7618513.18228269
956,,,46,-114.2,5448376.28001117,-9121577.835983110
957,,,32.3,-111,3911870.2143233700,-10024089.533503000
958,,,45.6,-122.7,5405209.441916060,-9844831.361061870
959,,,42.4,-71.1,5055855.158535960,-5901230.824225090
960,,,46.5,-87.4,5502171.955276260,-6941058.154020010
961,,,40.1,-105.3,4800573.6500056000,-8934676.162660180
962,,,21.3,-157.7,2610296.658087990,-15128854.961288100
963,,,45.6,-122.4,5405209.441916060,-9820760.868736540
964,,,33.3,-95.4,4027613.6124500200,-8555164.832611930
965,,,35.8,-78.7,4314751.463942470,-6926581.637076700
966,,,42.4,-71.2,5055855.158535960,-5909530.726931460
967,,,38.9,-77,4666079.097486390,-6604366.283218200
968,,,40.1,-105.2,4800573.6500056000,-8926191.190046070
969,,,39.8,-86.1,4767031.784989590,-7325635.327268660
970,,,34.2,-88.4,4131356.186610760,-7875753.935906720
971,,,36.1,-97.1,4348986.041640940,-8525788.19792523
972,,,37.8,-122.4,4542040.864253970,-10598504.342190700
973,,,42.7,-92.6,5088901.716558090,-7662586.881482200
974,,,46.3,-119.3,5480675.537149460,-9496332.070842510
975,,,36,-78.9,4337579.950562800,-6933245.317978020
976,,,35.8,-78.7,4314751.463942470,-6926581.637076700
977,,,33.2,-97.1,4016061.474201260,-8713823.85358606
978,,,36.2,-76.7,4360386.675514760,-6729226.2771741900
979,,,35.8,-78.7,4314751.463942470,-6926581.637076700
980,,,41.9,-87.6,5000646.662737800,-7306796.940550030
981,,,30.2,-97.9,3667255.8538518000,-8964272.17048435
982,,,43.8,-88.5,5209559.543844550,-7240816.41717619
983,,,41.7,-76.7,4978517.873315130,-6410140.178684270
984,,,47.9,-97,5651817.177324590,-7576572.780723530
985,,,36.3,-94,4371781.835374490,-8240447.367839810
986,,,40.8,-77.9,4878622.100046950,-6566841.117231930
987,,,40.5,-112,4845210.023486280,-9468022.767732960
988,,,40.7,-74,4867490.986514480,-6243953.318520530
989,,,40,-105.3,4789399.149897030,-8942881.737477520
990,,,44,-123.1,5231409.460379820,-10050478.971993700
991,,,41,-74.5,4900865.502225980,-6268348.548231310
992,,,36.4,-94.8,4383171.504392180,-8303919.829597890
993,,,37.7,-97.2,4530729.844432590,-8423567.314462920
994,,,41.8,-72.4,4989585.492155520,-6044868.754196270
995,,,35.6,-97.7,4291901.349772840,-8612283.990199510
996,,,31.9,-81.3,3865436.6832570100,-7362009.409022290
997,,,42.4,-74.9,5055855.158535960,-6216627.127066940
998,,,37.3,-120.5,4485428.651890570,-10477795.173591900
999,,,42.5,-83,5066877.25924736,-6882028.449075460
1000,,,39,-77.2,4677320.035485610,-6615682.5255043500
1001,,,40.8,-74,4878622.100046950,-6238077.569642650
1002,,,38.3,-81.6,4598509.437439490,-7035579.930631450
1003,,,42.4,-71.1,5055855.158535960,-5901230.824225090
1004,,,41.5,-87.7,4956363.362991370,-7343699.69982184
1005,,,40.2,-74,4811742.005070370,-6273097.662265410
1006,,,40.1,-79,4800573.6500056000,-6703128.36514866
1007,,,38,-84.5,4564645.650180880,-7304366.8865237500
1008,,,43.2,-78.7,5143846.831917410,-6479279.471720230
1009,,,40.1,-77.1,4800573.6500056000,-6541913.885480530
1010,,,30.4,-88.2,3690640.1686725600,-8065848.806491020
1011,,,41.8,-87.6,4989585.492155520,-7313957.221928080
1012,,,33.4,-111.9,4039160.7572465200,-10027654.342906200
1013,,,25.7,-80.3,3136595.895576170,-7545638.348066600
1014,,,37.3,-121.8,4485428.651890570,-10590833.627746900
1015,,,37.8,-80.4,4542040.864253970,-6961762.656144860
1016,,,33.9,-84.3,4096821.006802830,-7527054.779813970
1017,,,35.8,-78.7,4314751.463942470,-6926581.637076700
1018,,,34.8,-79.5,4200287.290140790,-7051127.7518377600
1019,,,35.8,-78.8,4314751.463942470,-6935382.884391920
1020,,,40.3,-111.7,4822904.1974516700,-9460235.280867030
1021,,,35.8,-78.8,4314751.463942470,-6935382.884391920
1022,,,39.5,-80.1,4733435.0894455200,-6833661.762956540
1023,,,39.9,-83.1,4778218.522360790,-7063946.018325140
1024,,,29.7,-82.3,3608716.7046406400,-7559443.311217480
1025,,,36.7,-97.1,4417307.397838100,-8484804.941221470
1026,,,35.1,-80.9,4234682.321429720,-7158944.8379006500
1027,,,40.2,-80.2,4811742.005070370,-6798681.520455210
1028,,,41.4,-81.9,4945276.507508120,-6864652.02348151
1029,,,42.1,-76.8,5022749.586837980,-6393354.759167380
1030,,,40,-83.1,4789399.149897030,-7057487.866898220
1031,,,40.6,-79.7,4856353.621740940,-6731217.97222047
1032,,,42.3,-83.6,5044826.500767860,-6945641.354585880
1033,,,38.9,-76.5,4666079.097486390,-6561480.78787263
1034,,,40.7,-74.4,4867490.986514480,-6277704.417539560
1035,,,40.8,-74,4878622.100046950,-6238077.569642650
1036,,,41.4,-75.6,4945276.507508120,-6336601.867829090
1037,,,39.1,-92.4,4688555.02095648,-7911245.455731970
1038,,,40.8,-111.9,4878622.100046950,-9432984.865446120
1039,,,33.6,-117.9,4062240.00108359,-10550134.376411800
1040,,,32.7,-97.4,3958226.452234750,-8771590.135569280
1041,,,41.5,-81.8,4956363.362991370,-6849653.767906800
1042,,,38.6,-121.8,4632320.741881080,-10474386.274496500
1043,,,37.4,-122.1,4496762.482863400,-10608091.52475980
1044,,,29,-81.9,3526576.937085030,-7554892.030637450
1045,,,42.5,-71.4,5066877.25924736,-5920202.786313100
1046,,,30.3,-89.7,3678950.266090380,-8208237.599861940
1047,,,39.1,-104.8,4688555.02095648,-8972927.746328040
1048,,,42,-87.7,5011701.366996130,-7307950.859700570
1049,,,35.2,-97.4,4246136.773848660,-8612448.310218000
1050,,,36,-78.9,4337579.950562800,-6933245.317978020
1051,,,37.1,-93.5,4462744.02651625,-8143535.765190610
1052,,,40.8,-74.2,4878622.100046950,-6254937.238749790
1053,,,47.7,-122.3,5630529.2916253900,-9575915.87838249
1054,,,32.7,-80,3958226.452234750,-7204591.487120560
1055,,,40.8,-74,4878622.100046950,-6238077.569642650
1056,,,40.8,-96.7,4878622.100046950,-8151650.013303300
1057,,,44.1,-70.2,5242324.149743860,-5725396.627320310
1058,,,37.3,-121.9,4485428.651890570,-10599528.893451100
1059,,,32.7,-110.6,3958226.452234750,-9960347.730944170
1060,,,40.6,-74,4856353.621740940,-6249813.424646360
1061,,,34,-118.5,4108337.84708608,-10572991.01370930
1062,,,36.1,-79.1,4348986.041640940,-6945312.527867
1063,,,40.3,-76.9,4822904.1974516700,-6512910.4127007600
1064,,,41.3,-105.6,4934183.275767390,-8859645.57529615
1065,,,41.4,-73.4,4945276.507508120,-6152203.400775860
1066,,,33.5,-82.1,4050702.892244760,-7351915.15800269
1067,,,42.3,-71.2,5044826.500767860,-5915426.608211900
1068,,,42.8,-84.4,5099904.036616810,-6976981.081241720
1069,,,39.2,-76.7,4699784.036510030,-6561186.506148250
1070,,,35.9,-78.6,4326168.419072050,-6912339.819905840
1071,,,43.5,-87.9,5176733.604059030,-7214301.057720080
1072,,,41.1,-74.4,4911977.755229250,-6253979.892251390
1073,,,40.8,-74,4878622.100046950,-6238077.569642650
1074,,,33.4,-111.9,4039160.7572465200,-10027654.342906200
1075,,,40.1,-85.7,4800573.6500056000,-7271621.530294180
1076,,,41.7,-71.5,4978517.873315130,-5975554.403858220
1077,,,35.9,-85,4326168.419072050,-7475176.6500254000
1078,,,41,-76.6,4900865.502225980,-6445040.252275420
1079,,,38.6,-121.5,4632320.741881080,-10448587.29352490
1080,,,45.6,-122.7,5405209.441916060,-9844831.361061870
1081,,,38.5,-94.7,4621056.167222770,-8150960.717963740
1082,,,33.3,-112.1,4027613.6124500200,-10052767.062220100
1083,,,38.3,-77.2,4598509.437439490,-6656210.424567990
1084,,,44.1,-123.1,5242324.149743860,-10039833.68693920
1085,,,41.9,-87.7,5000646.662737800,-7315138.032947920
1086,,,42.4,-71.2,5055855.158535960,-5909530.726931460
1087,,,39.7,-121.8,4755838.955352890,-10372508.451858700
1088,,,40.2,-105.1,4811742.005070370,-8909494.112217500
1089,,,42.2,-91.7,5033791.304144010,-7626178.00695688
1090,,,44,-75.9,5231409.460379820,-6196842.843008310
1091,,,42.2,-71.8,5033791.304144010,-5971205.898576920
1092,,,36.6,-87.3,4405934.302497930,-7634646.01948818
1093,,,38.5,-89,4621056.167222770,-7660353.789849760
1094,,,34.1,-118.3,4119849.5791734400,-10547391.073865100
1095,,,42,-91.6,5011701.366996130,-7632933.851180980
1096,,,42.4,-72.2,5055855.158535960,-5992529.753995100
1097,,,43,-78.8,5121888.767978500,-6500816.845937380
1098,,,42.3,-83.8,5044826.500767860,-6962257.721462890
1099,,,44.1,-92.6,5242324.149743860,-7552303.81324588
1100,,,32.9,-117.2,3981375.261976040,-10539951.62410550
1101,,,39.1,-88.5,4688555.02095648,-7577329.251431600
1102,,,31.4,-100.4,3807287.6516554900,-9122067.962129530
1103,,,41.8,-87.8,4989585.492155520,-7330655.754398240
1104,,,42.4,-71.2,5055855.158535960,-5909530.726931460
1105,,,35.8,-81.1,4314751.463942470,-7137811.572641930
1106,,,31.4,-89.2,3807287.6516554900,-8104466.755198740
1107,,,45,-93.2,5340244.911544240,-7527787.147377200
1108,,,38,-91.7,4564645.650180880,-7926750.810582580
1109,,,38.9,-77.1,4666079.097486390,-6612943.382287320
1110,,,44.7,-73.4,5307667.341390170,-5947963.053831320
1111,,,41.6,-85.8,4967443.824256050,-7177641.857225550
1112,,,35.9,-78.5,4326168.419072050,-6903545.49443522
1113,,,47.5,-122.1,5609211.139933310,-9583293.362074380
1114,,,38.2,-85.8,4587227.316813160,-7404068.640735120
1115,,,42,-87.7,5011701.366996130,-7307950.859700570
1116,,,37.5,-122.3,4508090.636651800,-10616599.98004590
1117,,,28.9,-82.6,3514825.3437738000,-7624036.179255760
1118,,,43,-88.3,5121888.767978500,-7284544.765181100
1119,,,42.7,-76.7,5088901.716558090,-6346872.719327050
1120,,,38,-84.5,4564645.650180880,-7304366.8865237500
1121,,,36,-78.9,4337579.950562800,-6933245.317978020
1122,,,41.5,-93.7,4956363.362991370,-7846119.291599840
1123,,,41.2,-73.8,4923083.685704510,-6197622.178053550
1124,,,41.3,-72.4,4934183.275767390,-6074226.701244710
1125,,,37.3,-107.1,4485428.651890570,-9312629.569225680
1126,,,35.9,-75.7,4326168.419072050,-6657304.381257910
1127,,,41.5,-82,4956363.362991370,-6866401.087632730
1128,,,39.7,-75,4755838.955352890,-6387012.593509030
1129,,,42.3,-85.6,5044826.500767860,-7111805.023355880
1130,,,30.5,-97.7,3702325.5456642800,-8928920.378063050
1131,,,39,-94.9,4677320.035485610,-8132490.565678280
1132,,,32.7,-117,3958226.452234750,-10536715.04991380
1133,,,47.7,-122.3,5630529.2916253900,-9575915.87838249
1134,,,39.9,-86.3,4778218.522360790,-7335963.193519370
1135,,,36.1,-79.2,4348986.041640940,-6954092.948256210
1136,,,42.1,-72,5022749.586837980,-5993770.086719410
1137,,,35.8,-78.6,4314751.463942470,-6917780.38976148
1138,,,40.3,-76,4822904.1974516700,-6436686.493696450
1139,,,30,-90.1,3643853.5640797000,-8260446.435593730
1140,,,47.6,-122.2,5619873.989038880,-9579627.841941230
1141,,,37.8,-122.2,4542040.864253970,-10581186.524638100
1142,,,34.2,-118.5,4131356.186610760,-10557430.332635100
1143,,,40.7,-74,4867490.986514480,-6243953.318520530
1144,,,45.3,-94.3,5372759.116516690,-7591489.681914070
1145,,,34.2,-118.5,4131356.186610760,-10557430.332635100
1146,,,34.3,-85.1,4142857.652928050,-7576136.283490860
1147,,,47.7,-117.5,5630529.2916253900,-9200082.71226445
1148,,,40.8,-111.9,4878622.100046950,-9432984.865446120
1149,,,37.4,-122.1,4496762.482863400,-10608091.52475980
1150,,,35.8,-79.3,4314751.463942470,-6979389.1209680100
1151,,,44.4,-68.3,5275026.917762740,-5552627.433311800
1152,,,36.1,-84.1,4348986.041640940,-7384333.547327620
1153,,,33.1,-96.8,4004504.3588311600,-8693071.437294930
1154,,,40.2,-105.1,4811742.005070370,-8909494.112217500
1155,,,41,-74,4900865.502225980,-6226279.094887480
1156,,,40,-105.3,4789399.149897030,-8942881.737477520
1157,,,40.7,-111.9,4867490.986514480,-9441869.95057362
1158,,,40.7,-74.1,4867490.986514480,-6252391.093275290
1159,,,39,-77.5,4677320.035485610,-6641391.136354760
1160,,,35.8,-78.7,4314751.463942470,-6926581.637076700
1161,,,40.3,-74.1,4822904.1974516700,-6275769.3313540400
1162,,,40.5,-88,4845210.023486280,-7439160.746075900
1163,,,40.8,-74.4,4878622.100046950,-6271796.907856940
1164,,,36,-78.9,4337579.950562800,-6933245.317978020
1165,,,38.9,-94.8,4666079.097486390,-8131089.917520590
1166,,,33.7,-116.3,4073772.0673866200,-10399430.3487371
1167,,,40.7,-74,4867490.986514480,-6243953.318520530
1168,,,40.6,-122.4,4856353.621740940,-10337529.23211780
1169,,,38.5,-121.8,4621056.167222770,-10483495.411277500
1170,,,38.9,-77.1,4666079.097486390,-6612943.382287320
1171,,,45.6,-122.6,5405209.441916060,-9836807.863620100
1172,,,33.8,-118.2,4085299.0747621000,-10561649.527779000
1173,,,34.1,-87,4119849.5791734400,-7756745.76015436
1174,,,37.2,-80.5,4474089.16076935,-7005492.474997860
1175,,,36,-78.9,4337579.950562800,-6933245.317978020
1176,,,40.7,-74,4867490.986514480,-6243953.318520530
1177,,,40.8,-74,4878622.100046950,-6238077.569642650
1178,,,35.5,-78,4280468.224191660,-6881074.36339697
1179,,,29.9,-90.1,3632145.7183525500,-8265612.560508090
1180,,,30,-90.1,3643853.5640797000,-8260446.435593730
1181,,,32.9,-97,3981375.261976040,-8723338.801520800
1182,,,41.3,-74.9,4934183.275767390,-6283972.098387140
1183,,,39.7,-78.7,4755838.955352890,-6702105.214788810
1184,,,35.7,-78.7,4303329.101929990,-6932013.036262790
1185,,,43,-78.1,5121888.767978500,-6443068.472940470
1186,,,39.5,-77.5,4733435.0894455200,-6611845.026580930
1187,,,38.8,-77.1,4654832.224325930,-6618757.692910430
1188,,,42.1,-80.1,5022749.586837980,-6668069.221475350
1189,,,37.7,-78.3,4530729.844432590,-6785651.447761790
1190,,,28.5,-81.6,3467776.249564450,-7549642.497875560
1191,,,42.5,-71.4,5066877.25924736,-5920202.786313100
1192,,,42.4,-71.3,5055855.158535960,-5917830.6296378200
1193,,,39.3,-84.4,4711007.064735230,-7213436.141074810
1194,,,37.4,-122.2,4496762.482863400,-10616779.560406600
1195,,,42.4,-71,5055855.158535960,-5892930.921518730
1196,,,33,-117.3,3992942.2826557200,-10541515.592238400
1197,,,42.1,-75.9,5022749.586837980,-6318432.633083380
1198,,,34.1,-118.3,4119849.5791734400,-10547391.073865100
1199,,,33.9,-118.1,4096821.006802830,-10545019.804223400
1200,,,42.4,-74.9,5055855.158535960,-6216627.127066940
1201,,,42.7,-84.5,5088901.716558090,-6992317.402648450
1202,,,40.4,-80,4834060.209486080,-6769174.872347870
1203,,,40.2,-74.8,4811742.005070370,-6340914.9342899000
1204,,,47.7,-122.3,5630529.2916253900,-9575915.87838249
1205,,,47.3,-122.2,5587862.881841400,-9614087.975363400
1206,,,29.7,-82.5,3608716.7046406400,-7577813.768838910
1207,,,39.2,-77.3,4699784.036510030,-6612512.606587480
1208,,,33.8,-84.3,4085299.0747621000,-7532546.998238300
1209,,,41.8,-111.8,4989585.492155520,-9334479.65081689
1210,,,38.7,-77.3,4643579.433349570,-6641740.25314696
1211,,,35.5,-82.5,4280468.224191660,-7278059.422823720
1212,,,38.3,-76.5,4598509.437439490,-6595856.184966990
1213,,,42.5,-71.4,5066877.25924736,-5920202.786313100
1214,,,42.9,-85.4,5110899.726537220,-7052483.311365010
1215,,,48.3,-116.6,5694301.509135490,-9062982.332593710
1216,,,40.7,-74,4867490.986514480,-6243953.318520530
1217,,,47.6,-122.4,5619873.989038880,-9595306.447247190
1218,,,47.5,-122.5,5609211.139933310,-9614688.262523440
1219,,,42.3,-83.7,5044826.500767860,-6953949.538024390
1220,,,42,-93.6,5011701.366996130,-7799591.795529910
1221,,,35.3,-81.3,4257585.919552410,-7183302.197662570
1222,,,47.6,-122.1,5619873.989038880,-9571788.53928825
1223,,,33.4,-86.7,4039160.7572465200,-7769415.831367000
1224,,,35.8,-78.7,4314751.463942470,-6926581.637076700
1225,,,45.5,-73.6,5394399.796378010,-5911900.682114190
1226,,,39.4,-76.5,4722224.088198900,-6532395.877747600
1227,,,42.8,-84.4,5099904.036616810,-6976981.081241720
1228,,,32.7,-117.1,3958226.452234750,-10545720.78927270
1229,,,38.8,-90.3,4654832.224325930,-7751930.216210270
1230,,,40.7,-74,4867490.986514480,-6243953.318520530
1231,,,40.7,-74,4867490.986514480,-6243953.318520530
1232,,,42.9,-87.9,5110899.726537220,-7258937.740854610
1233,,,32.8,-80.1,3969803.3130784900,-7208556.3508510400
1234,,,34.5,-119.8,4165845.096242590,-10649471.052361100
1235,,,45.7,-122.6,5416011.932287590,-9825775.831775130
1236,,,42.2,-71.4,5033791.304144010,-5937940.127554210
1237,,,36,-78.9,4337579.950562800,-6933245.317978020
1238,,,34.3,-82.4,4142857.652928050,-7335765.33207576
1239,,,40.8,-73.9,4878622.100046950,-6229647.735089080
1240,,,38.9,-104.8,4666079.097486390,-8988799.824432050
1241,,,40,-105.1,4789399.149897030,-8925896.207111940
1242,,,45,-93.3,5340244.911544240,-7535864.172213440
1243,,,26.6,-80.1,3243387.025495490,-7490908.7277587200
1244,,,39.1,-77,4688555.02095648,-6592704.546443310
1245,,,38.3,-122,4598509.437439490,-10518881.759032300
1246,,,42.5,-71.2,5066877.25924736,-5903619.585231000
1247,,,40.4,-105.2,4834060.209486080,-8901464.957137450
1248,,,37.9,-122.5,4553346.138548650,-10598179.780531700
1249,,,39.4,-76.7,4722224.088198900,-6549474.036905110
1250,,,42.4,-71.3,5055855.158535960,-5917830.6296378200
1251,,,40.2,-111.7,4811742.005070370,-9468986.606419550
1252,,,47.5,-122.6,5609211.139933310,-9622536.9876357
1253,,,42.4,-71.1,5055855.158535960,-5901230.824225090
1254,,,48.7,-122.5,5736662.845538010,-9474346.542100930
1255,,,32.7,-79.9,3958226.452234750,-7195585.74776166
1256,,,38.9,-77,4666079.097486390,-6604366.283218200
1257,,,31.9,-102.3,3865436.6832570100,-9263635.455633220
1258,,,40.9,-72.7,4889746.944553850,-6122701.814284180
1259,,,36.1,-79.8,4348986.041640940,-7006775.470591490
1260,,,45,-123,5340244.911544240,-9934740.548577200
1261,,,35.8,-78.7,4314751.463942470,-6926581.637076700
1262,,,37.9,-79.3,4553346.138548650,-6860699.237519680
1263,,,32.8,-117.2,3969803.3130784900,-10547350.865415000
1264,,,45,-93.3,5340244.911544240,-7535864.172213440
1265,,,35.3,-97.5,4257585.919552410,-8614661.307159910
1266,,,42.6,-83.7,5077892.78467351,-6933102.785585430
1267,,,36.4,-94.1,4383171.504392180,-8242603.965877230
1268,,,33.5,-112.4,4050702.892244760,-10065228.54761880
1269,,,29.4,-94.9,3573540.116341090,-8732880.256285300
1270,,,42.4,-71.2,5055855.158535960,-5909530.726931460
1271,,,40.7,-74,4867490.986514480,-6243953.318520530
1272,,,41.9,-87.7,5000646.662737800,-7315138.032947920
1273,,,46.9,-96.9,5545076.6816602700,-7659738.995616450
1274,,,30.3,-97.5,3678950.266090380,-8921997.391154280
1275,,,39.1,-77.1,4688555.02095648,-6601266.500399730
1276,,,37.8,-122.3,4542040.864253970,-10589845.433414400
1277,,,34.2,-118.4,4131356.186610760,-10548521.108725700
1278,,,39.9,-85.9,4778218.522360790,-7301961.046620090
1283,,,44.3,-72.6,5264132.897179120,-5908532.850474570
1285,,,40,-105.2,4789399.149897030,-8934388.972294730
1286,,,35.9,-78.7,4326168.419072050,-6921134.145376460
1287,,,40.1,-105.2,4800573.6500056000,-8926191.190046070
1288,,,38.8,-90.7,4654832.224325930,-7786268.777522380
1289,,,40,-105.3,4789399.149897030,-8942881.737477520
1290,,,38.8,-76.8,4654832.224325930,-6593003.771926340
1291,,,36.2,-87.3,4360386.675514760,-7659210.612741940
1292,,,42.1,-80,5022749.586837980,-6659744.54079935
1293,,,36.4,-79.9,4383171.504392180,-6998767.87325814
1294,,,32.8,-97.2,3969803.3130784900,-8747461.639234970
1295,,,37.4,-79.3,4496762.482863400,-6889612.267923420
1296,,,29.6,-82.4,3596995.5683894800,-7573304.111771070
1297,,,42.3,-83.7,5044826.500767860,-6953949.538024390
1298,,,38.3,-85.7,4598509.437439490,-7389083.334008770
1299,,,40.9,-74.4,4889746.944553850,-6265873.658634700
1300,,,36,-79.9,4337579.950562800,-7021119.149638070
1301,,,32.1,-86.3,3888663.045691800,-7804175.284876630
1302,,,43,-76.2,5121888.767978500,-6286322.889091730
1303,,,45.7,-111,5416011.932287590,-8896093.942308650
1304,,,41.9,-80.8,5000646.662737800,-6739602.657493640
1305,,,39.9,-75,4778218.522360790,-6375402.543614740
1306,,,36.1,-87,4348986.041640940,-7638965.738614780
1307,,,40.8,-74,4878622.100046950,-6238077.569642650
1308,,,35.3,-97.5,4257585.919552410,-8614661.307159910
1309,,,35.3,-97.5,4257585.919552410,-8614661.307159910
1310,,,44.5,-103.9,5285914.011212910,-8437747.197087550
1311,,,47.2,-122.5,5577177.512594200,-9649150.252562480
1312,,,28.5,-81.2,3467776.249564450,-7512634.4464153800
1313,,,29.5,-98.4,3585270.0336773000,-9049412.539579110
1314,,,43.1,-77.5,5132871.142571280,-6387035.723487240
1315,,,47.8,-122.3,5641177.027723770,-9564336.9819914
1316,,,35.8,-78.7,4314751.463942470,-6926581.637076700
1317,,,35.9,-79.1,4326168.419072050,-6956311.447258930
1318,,,38.9,-77,4666079.097486390,-6604366.283218200
1320,,,36.1,-96,4348986.041640940,-8429203.573643900
1321,,,39.9,-75.3,4778218.522360790,-6400904.153789200
1322,,,41.3,-73.5,4934183.275767390,-6166514.675987380
1323,,,37.9,-122.1,4553346.138548650,-10563573.479207500
1324,,,41.4,-73.9,4945276.507508120,-6194112.143287960
1325,,,33.8,-118.2,4085299.0747621000,-10561649.527779000
1326,,,39.5,-78,4733435.0894455200,-6654502.091268550
1327,,,35.9,-78.7,4326168.419072050,-6921134.145376460
1328,,,43.1,-77.5,5132871.142571280,-6387035.723487240
1329,,,32.3,-111,3911870.2143233700,-10024089.533503000
1330,,,38,-84.5,4564645.650180880,-7304366.8865237500
1331,,,35.8,-78.7,4314751.463942470,-6926581.637076700
1332,,,36.1,-79.5,4348986.041640940,-6980434.20942385
1333,,,36.1,-79.5,4348986.041640940,-6980434.20942385
1334,,,38.9,-77.4,4666079.097486390,-6638674.67949466
1335,,,35.9,-78.9,4326168.419072050,-6938722.796317690
1336,,,35.8,-78.7,4314751.463942470,-6926581.637076700
1337,,,39.7,-79.6,4755838.955352890,-6778749.36591092
1338,,,36.3,-80.1,4371781.835374490,-7021913.129403930
1339,,,40,-80.7,4789399.149897030,-6853661.502511260
1340,,,35.7,-79.8,4303329.101929990,-7028902.672093660
1341,,,38.9,-79.8,4666079.097486390,-6844525.057153410
1342,,,42.8,-71.7,5099904.036616810,-5927127.292950610
1343,,,40.8,-74,4878622.100046950,-6238077.569642650
1344,,,32.9,-79.8,3981375.261976040,-7176519.9624882400
1345,,,37.5,-77.5,4508090.636651800,-6727608.327502540
1346,,,40.7,-74,4867490.986514480,-6243953.318520530
1347,,,33.7,-116.3,4073772.0673866200,-10399430.3487371
1348,,,40.6,-79.7,4856353.621740940,-6731217.97222047
1349,,,38,-78.5,4564645.650180880,-6785713.61647473
1350,,,43,-78.8,5121888.767978500,-6500816.845937380
1351,,,35.8,-78.6,4314751.463942470,-6917780.38976148
1352,,,40.6,-122.2,4856353.621740940,-10320637.84448360
1353,,,36,-84.3,4337579.950562800,-7407764.008942300
1354,,,38.3,-82.1,4598509.437439490,-7078690.101775030
1355,,,36.1,-78.9,4348986.041640940,-6927751.687088580
1356,,,40.7,-74,4867490.986514480,-6243953.318520530
1357,,,42.4,-71.3,5055855.158535960,-5917830.6296378200
1358,,,35.7,-81.1,4303329.101929990,-7143408.605348310
1359,,,30.4,-87.2,3690640.1686725600,-7974399.273537610
1360,,,27.7,-82.7,3373476.2702575900,-7686928.245759650
1361,,,34.3,-77.8,4142857.652928050,-6926244.451887060
1362,,,40,-76.2,4789399.149897030,-6471487.069285730
1363,,,36.2,-76.5,4360386.675514760,-6711679.402918200
1364,,,35.2,-90,4246136.773848660,-7958114.455026900
1365,,,44.5,-123.3,5285914.011212910,-10013226.461991300
1366,,,38.4,-78.9,4609785.726655620,-6796917.075018240
1367,,,27.9,-82.8,3397076.175150940,-7687431.954403600
1368,,,39.4,-81.4,4722224.088198900,-6950810.777106590
1369,,,35.1,-80.7,4234682.321429720,-7141246.581193850
1370,,,37.7,-77.8,4530729.844432590,-6742320.340177110
1371,,,35.9,-81.5,4326168.419072050,-7167375.258553770
1372,,,38.3,-75.6,4598509.437439490,-6518257.876908550
1373,,,39.9,-83.8,4778218.522360790,-7123449.775398870
1374,,,40.1,-105,4800573.6500056000,-8909221.244817840
1375,,,28.5,-82.5,3467776.249564450,-7632910.6136609500
1376,,,35.7,-79.7,4303329.101929990,-7020094.523381760
1377,,,44,-92.5,5231409.460379820,-7552147.074812490
1378,,,37.9,-122.3,4553346.138548650,-10580876.629869600
1379,,,36.1,-78.9,4348986.041640940,-6927751.687088580
1380,,,36,-79.6,4337579.950562800,-6994757.000140060
1381,,,37.3,-80.6,4485428.651890570,-7008384.15760588
1382,,,42.2,-76.5,5033791.304144010,-6362078.708093800
1383,,,35.3,-80.4,4257585.919552410,-7103782.247134940
1384,,,35.9,-78.7,4326168.419072050,-6921134.145376460
1385,,,42,-93.6,5011701.366996130,-7799591.795529910
1386,,,43,-79,5121888.767978500,-6517316.381079350
1387,,,40.8,-123.1,4878622.100046950,-10377126.335446100
1388,,,35.8,-78.8,4314751.463942470,-6935382.884391920
1389,,,34.6,-82.8,4177331.040219620,-7354890.4186832900
1390,,,47.7,-122.3,5630529.2916253900,-9575915.87838249
1391,,,40.9,-81.6,4889746.944553850,-6872248.528825160
1392,,,32.9,-96.8,3981375.261976040,-8705352.53595065
1393,,,33.4,-79.1,4039160.7572465200,-7088359.772331370
1394,,,45.5,-122.6,5394399.796378010,-9847812.821021730
1395,,,41.6,-93.7,4967443.824256050,-7838520.303287110
1396,,,39.9,-80.7,4778218.522360790,-6859933.136929470
1397,,,37.4,-79.2,4496762.482863400,-6880924.232276600
1398,,,36.1,-80.3,4348986.041640940,-7050677.572537550
1399,,,39,-80.5,4677320.035485610,-6898477.244858810
1400,,,42.5,-90.7,5066877.25924736,-7520481.690736680
1401,,,36.1,-79.1,4348986.041640940,-6945312.527867
1402,,,38.4,-75.2,4609785.726655620,-6478176.984047810
1403,,,38,-78.7,4564645.650180880,-6803002.058809700
1404,,,38.9,-77.4,4666079.097486390,-6638674.67949466
1405,,,42.2,-85.6,5033791.304144010,-7118874.99886051
1406,,,36,-78.9,4337579.950562800,-6933245.317978020
1407,,,43.6,-96.7,5187682.367855,-7928294.528657080
1408,,,37,-92,4451393.266128350,-8019485.53626973
1409,,,32.9,-96.7,3981375.261976040,-8696359.403165580
1410,,,26.9,-80.1,3278913.9193157500,-7478647.635645320
1411,,,35,-80.8,4223222.5789299400,-7155556.653161240
1412,,,35.9,-78.7,4326168.419072050,-6921134.145376460
1413,,,42.3,-83.1,5044826.500767860,-6904100.437393390
1414,,,38.5,-121.7,4621056.167222770,-10474888.272187800
1415,,,37.1,-80.6,4462744.02651625,-7019989.1195119000
1416,,,42.6,-78.9,5077892.78467351,-6535505.493222110
1417,,,27.4,-80.3,3338045.7056925400,-7476519.52322433
1418,,,46.5,-90.1,5502171.955276260,-7155484.43566594
1419,,,35,-92.5,4223222.5789299400,-8191695.425958110
1421,,,28.6,-81.5,3479544.8997717800,-7535943.368757800
1422,,,41.8,-95.9,4989585.492155520,-8006946.319439530
1423,,,33,-117.2,3992942.2826557200,-10532528.792927100
1424,,,36,-94.2,4337579.950562800,-8277714.942376800
1425,,,34.2,-118,4131356.186610760,-10512884.213088200
1426,,,28,-82.8,3408869.9392443000,-7683011.873797830
1427,,,46.5,-87.3,5502171.955276260,-6933116.439884980
1428,,,40.7,-89.6,4867490.986514480,-7560246.1802627
1429,,,32.7,-117.2,3958226.452234750,-10554726.528631600
1430,,,29,-81.3,3526576.937085030,-7499544.836273800
1431,,,38.1,-91.8,4575939.381994570,-7928624.877542430
1432,,,33.8,-87.3,4085299.0747621000,-7800609.16899411
1433,,,40.7,-74,4867490.986514480,-6243953.318520530
1434,,,32.4,-104.3,3923466.5605251500,-9412551.868225220
1435,,,33.7,-117.8,4073772.0673866200,-10533558.857104300
1436,,,32.8,-79.9,3969803.3130784900,-7190557.45858924
1437,,,35.9,-78.7,4326168.419072050,-6921134.145376460
1438,,,40.1,-88.2,4800573.6500056000,-7483745.845646990
1439,,,39.9,-75.4,4778218.522360790,-6409404.690514020
1440,,,32.8,-117.2,3969803.3130784900,-10547350.865415000
1441,,,40.7,-74.5,4867490.986514480,-6286142.192294320
1442,,,33.9,-84.1,4096821.006802830,-7509196.998604450
1443,,,39.5,-79.9,4733435.0894455200,-6816598.937081500
1444,,,35.9,-78.8,4326168.419072050,-6929928.470847070
1445,,,37.1,-80.4,4462744.02651625,-7002569.7916719200
1446,,,34.9,-80.7,4211757.562966750,-7152138.525688690
1447,,,37.7,-122.4,4530729.844432590,-10607455.13673110
1448,,,43.7,-97,5198624.35397517,-7944587.095730430
1449,,,38.2,-85.6,4587227.316813160,-7386809.7394746600
1450,,,45.5,-122.7,5394399.796378010,-9855845.294774610
1451,,,40.7,-111.9,4867490.986514480,-9441869.95057362
1452,,,27.9,-82.6,3397076.175150940,-7668863.2781852300
1453,,,36.1,-93.1,4348986.041640940,-8174571.382356740
1454,,,35.9,-79.1,4326168.419072050,-6956311.447258930
1455,,,39.6,-86.9,4744640.050997060,-7407117.326368650
1456,,,46.7,-117.2,5523639.055615070,-9286102.269824170
1457,,,36,-78.9,4337579.950562800,-6933245.317978020
1458,,,35.9,-79.1,4326168.419072050,-6956311.447258930
1459,,,43,-88.1,5121888.767978500,-7268045.230039120
1460,,,39.8,-75.7,4767031.784989590,-6440773.452662450
1461,,,38.1,-78.5,4575939.381994570,-6779924.323388680
1462,,,47.9,-97.1,5651817.177324590,-7584383.680497470
1463,,,34.2,-103.3,4131356.186610760,-9203228.29840684
1464,,,32.7,-103.1,3958226.452234750,-9284917.279026620
1465,,,36.1,-80,4348986.041640940,-7024336.311369910
1466,,,37.8,-78.5,4542040.864253970,-6797243.389395170
1467,,,61.3,-148.9,7000059.309454430,-9411510.894774970
1468,,,35.9,-79,4326168.419072050,-6947517.121788310
1469,,,39.3,-77.8,4711007.064735230,-6649352.272222990
1470,,,36,-79.9,4337579.950562800,-7021119.149638070
1471,,,29.7,-82.3,3608716.7046406400,-7559443.311217480
1472,,,35.9,-78.6,4326168.419072050,-6912339.819905840
1473,,,36.2,-81.5,4360386.675514760,-7150351.259318080
1474,,,36,-78.9,4337579.950562800,-6933245.317978020
1475,,,35.9,-79,4326168.419072050,-6947517.121788310
1476,,,42,-74,5011701.366996130,-6166343.940910400
1477,,,39.8,-86.2,4767031.784989590,-7334143.614524490
1478,,,40.7,-73.7,4867490.986514480,-6218639.994256260
1479,,,27.4,-82.6,3338045.7056925400,-7690666.40869651
1480,,,35.7,-78.7,4303329.101929990,-6932013.036262790
1481,,,40.6,-74,4856353.621740940,-6249813.424646360
1482,,,38,-78.5,4564645.650180880,-6785713.61647473
1483,,,41.7,-86.2,4978517.873315130,-7204094.959616480
1484,,,28,-82.7,3408869.9392443000,-7673732.873950250
1485,,,29.7,-95.4,3608716.7046406400,-8762708.285420990
1486,,,40.6,-105.1,4856353.621740940,-8876424.201761250
1487,,,44.5,-68.6,5285914.011212910,-5571024.617133840
1488,,,36.1,-94.1,4348986.041640940,-8262375.586248860
1489,,,43,-78.8,5121888.767978500,-6500816.845937380
1490,,,36.1,-79.9,4348986.041640940,-7015555.890980700
1491,,,26.9,-80.1,3278913.9193157500,-7478647.635645320
1492,,,39.7,-105.1,4755838.955352890,-8950333.647703990
1493,,,40.7,-73.9,4867490.986514480,-6235515.543765780
1494,,,37.8,-122.4,4542040.864253970,-10598504.342190700
1495,,,30.2,-97.7,3667255.8538518000,-8945959.050626360
1496,,,44.4,-86.1,5275026.917762740,-6999725.0660050700
1497,,,27.5,-82.4,3349859.967346910,-7667727.292550260
1498,,,36,-78.9,4337579.950562800,-6933245.317978020
1499,,,32.2,-110.8,3900269.037317040,-10012889.719404600
1500,,,33.8,-84.3,4085299.0747621000,-7532546.998238300
1501,,,47.7,-117.4,5630529.2916253900,-9192252.854636990
1502,,,31.7,-110.6,3842191.256225160,-10028729.46186150
1503,,,36.1,-80.3,4348986.041640940,-7050677.572537550
1504,,,37.2,-80.4,4474089.16076935,-6996789.999873630
1505,,,44.1,-123.1,5242324.149743860,-10039833.68693920
1506,,,36.4,-93.7,4383171.504392180,-8207566.329465430
1507,,,35.9,-79,4326168.419072050,-6947517.121788310
1508,,,37.6,-121.9,4519413.09620004,-10573013.03764530
1509,,,36.2,-86.8,4360386.675514760,-7615343.427101960
1510,,,40.3,-76.9,4822904.1974516700,-6512910.4127007600
1511,,,32.6,-97.2,3946644.695701930,-8759676.129647120
1512,,,38.5,-79.8,4621056.167222770,-6868496.99359563
1513,,,35.9,-78.7,4326168.419072050,-6921134.145376460
1514,,,39.3,-76.6,4711007.064735230,-6546791.568795390
1515,,,39.4,-76.7,4722224.088198900,-6549474.036905110
1516,,,34.4,-119.8,4154353.9616393300,-10657421.74793540
1517,,,35.9,-78.9,4326168.419072050,-6938722.796317690
1518,,,46.7,-117,5523639.055615070,-9270255.678920030
1519,,,35.2,-81.2,4246136.773848660,-7179987.708313160
1520,,,36,-79.1,4337579.950562800,-6950820.08431003
1521,,,40.7,-80.6,4867490.986514480,-6800846.452334530
1522,,,38.8,-77.5,4654832.224325930,-6653096.254222540
1523,,,34,-118.5,4108337.84708608,-10572991.01370930
1524,,,35.8,-82.5,4314751.463942470,-7261029.035054990
1525,,,38.9,-77,4666079.097486390,-6604366.283218200
1526,,,28,-82.5,3408869.9392443000,-7655174.874255090
1527,,,37.6,-85.3,4519413.09620004,-7398507.072281770
1528,,,35.7,-79.1,4303329.101929990,-6967245.631110380
1529,,,42.4,-71.1,5055855.158535960,-5901230.824225090
1530,,,37.2,-93.2,4474089.16076935,-8110706.815773920
1531,,,26,-97.5,3172227.5953810900,-9147480.588074320
1532,,,37.8,-122.4,4542040.864253970,-10598504.342190700
1533,,,33,-96.8,3992942.2826557200,-8699221.733407330
1534,,,36,-79,4337579.950562800,-6942032.701144030
1535,,,41.8,-71.4,4989585.492155520,-5961376.091845490
1536,,,46.3,-119.3,5480675.537149460,-9496332.070842510
1537,,,28.1,-82.5,3420659.5568959600,-7650754.554590180
1538,,,35.9,-81.6,4326168.419072050,-7176169.584024380
1539,,,42.4,-71.1,5055855.158535960,-5901230.824225090
1540,,,35.2,-81,4246136.773848660,-7162303.009524210
1541,,,35.2,-79.5,4246136.773848660,-7029667.768607100
1542,,,35.8,-78.6,4314751.463942470,-6917780.38976148
1543,,,29.7,-95.4,3608716.7046406400,-8762708.285420990
1544,,,43.6,-72.2,5187682.367855,-5919574.611882540
1545,,,40.8,-77.9,4878622.100046950,-6566841.117231930
1546,,,42.6,-114.5,5077892.78467351,-9484352.078250080
1547,,,43.6,-72.2,5187682.367855,-5919574.611882540
1548,,,38.9,-77.5,4666079.097486390,-6647251.778563770
1549,,,42.1,-80.2,5022749.586837980,-6676393.902151350
1550,,,39,-95.7,4677320.035485610,-8201046.861279360
1551,,,35.9,-79,4326168.419072050,-6947517.121788310
1552,,,44.9,-93.3,5329392.73674441,-7544115.8821365700
1553,,,32.2,-80.9,3900269.037317040,-7310855.399817950
1554,,,41.9,-87.6,5000646.662737800,-7306796.940550030
1555,,,33.6,-117.8,4062240.00108359,-10541186.001198600
1556,,,40.7,-77.9,4867490.986514480,-6573026.533956080
1557,,,35.7,-79.2,4303329.101929990,-6976053.779822280
1558,,,32.8,-96.7,3969803.3130784900,-8702464.408580470
1559,,,39.8,-75,4767031.784989590,-6381215.441871650
1560,,,37.2,-80.4,4474089.16076935,-6996789.999873630
1561,,,40.4,-90.7,4834060.209486080,-7674552.011524400
1562,,,36,-79.1,4337579.950562800,-6950820.08431003
1563,,,36.3,-88.9,4371781.835374490,-7793359.265967650
1564,,,47.6,-122.2,5619873.989038880,-9579627.841941230
1565,,,30.3,-97.7,3678950.266090380,-8940298.924264340
1566,,,28.7,-81.2,3491309.309366730,-7503756.918728000
1567,,,28.1,-82.5,3420659.5568959600,-7650754.554590180
1568,,,37.9,-78.9,4553346.138548650,-6826092.936195490
1569,,,40.2,-122.3,4811742.005070370,-10367565.460744100
1570,,,35.7,-80.5,4303329.101929990,-7090559.713076930
1571,,,37.7,-122.4,4530729.844432590,-10607455.13673110
1572,,,38.6,-121.3,4632320.741881080,-10431387.972877100
1573,,,39.1,-94.6,4688555.02095648,-8099608.442773210
1574,,,37.3,-80,4485428.651890570,-6956212.563380530
1575,,,35.9,-79.1,4326168.419072050,-6956311.447258930
1576,,,27,-82.1,3290748.288407640,-7661159.119141300
1577,,,27.4,-82.6,3338045.7056925400,-7690666.40869651
1578,,,37.4,-122.2,4496762.482863400,-10616779.560406600
1579,,,40.8,-77.9,4878622.100046950,-6566841.117231930
1580,,,27.9,-82.3,3397076.175150940,-7641010.263857680
1581,,,43.7,-116.5,5198624.35397517,-9541694.810851490
1582,,,30.4,-91.1,3690640.1686725600,-8331052.452055920
1583,,,35.5,-79.2,4280468.224191660,-6986937.04591077
1584,,,34,-118.3,4108337.84708608,-10555146.30313770
1585,,,34,-118.4,4108337.84708608,-10564068.658423500
1586,,,32.8,-117.1,3969803.3130784900,-10538351.419284100
1587,,,28,-82.7,3408869.9392443000,-7673732.873950250
1589,,,34.5,-92.2,4165845.096242590,-8196003.597893900
1590,,,36.7,-78.9,4417307.397838100,-6894450.153062560
1591,,,29.9,-89.9,3632145.7183525500,-8247264.91886434
1592,,,28,-82.5,3408869.9392443000,-7655174.874255090
1593,,,35.8,-78.9,4314751.463942470,-6944184.131707130
1594,,,27,-82.1,3290748.288407640,-7661159.119141300
1595,,,27.6,-80.4,3361670.160740310,-7477388.745605860
1596,,,44.3,-68.4,5264132.897179120,-5566716.900447120
1597,,,39.1,-76.8,4688555.02095648,-6575580.638530470
1598,,,36.9,-82.8,4440036.896583450,-7223455.184314470
1599,,,42.4,-71.2,5055855.158535960,-5909530.726931460
1600,,,44.5,-73.2,5285914.011212910,-5944591.865513070
1601,,,43.1,-89.4,5132871.142571280,-7367754.757158190
1602,,,44.6,-93.2,5296794.158706940,-7560636.060827740
1603,,,41.5,-88.1,4956363.362991370,-7377194.339273710
1604,,,35.8,-78.8,4314751.463942470,-6935382.884391920
1605,,,44.5,-89.5,5285914.011212910,-7268319.289117760
1606,,,38,-78.4,4564645.650180880,-6777069.395307250
1607,,,40,-105.2,4789399.149897030,-8934388.972294730
1608,,,27.7,-82.7,3373476.2702575900,-7686928.245759650
1609,,,36.2,-81.7,4360386.675514760,-7167898.133574080
1610,,,35.9,-78.7,4326168.419072050,-6921134.145376460
1611,,,42.4,-71.1,5055855.158535960,-5901230.824225090
1612,,,38.6,-121.3,4632320.741881080,-10431387.972877100
1613,,,35.9,-79.1,4326168.419072050,-6956311.447258930
1614,,,36,-78.9,4337579.950562800,-6933245.317978020
1615,,,42.4,-71.1,5055855.158535960,-5901230.824225090
1616,,,37.9,-122.5,4553346.138548650,-10598179.780531700
1617,,,41.4,-73.1,4945276.507508120,-6127058.155268600
1618,,,44,-123,5231409.460379820,-10042314.488669600
1619,,,37.3,-93.2,4485428.651890570,-8103987.636338310
1620,,,37.8,-122.4,4542040.864253970,-10598504.342190700
1621,,,35.5,-82.5,4280468.224191660,-7278059.422823720
1622,,,40,-75.7,4789399.149897030,-6429023.243371780
1623,,,42.5,-71.1,5066877.25924736,-5895327.984689940
1624,,,42.2,-85.6,5033791.304144010,-7118874.99886051
1625,,,35.1,-80.8,4234682.321429720,-7150095.709547250
1626,,,47.8,-117,5641177.027723770,-9149856.31147174
1627,,,38.9,-77.1,4666079.097486390,-6612943.382287320
1628,,,35.2,-106.7,4246136.773848660,-9434786.803904110
1629,,,34,-118.1,4108337.84708608,-10537301.592566000
1630,,,40.7,-111.9,4867490.986514480,-9441869.95057362
1631,,,38.1,-122.2,4575939.381994570,-10554226.144179600
1633,,,41.7,-88.1,4978517.873315130,-7362885.915802930
1634,,,40.3,-76.4,4822904.1974516700,-6470563.791031700
1635,,,38.9,-77,4666079.097486390,-6604366.283218200
1636,,,42,-87.7,5011701.366996130,-7307950.859700570
1637,,,37.7,-89.2,4530729.844432590,-7730269.593107940
1638,,,42.9,-87.9,5110899.726537220,-7258937.740854610
1639,,,42.3,-84.4,5044826.500767860,-7012106.822093890
1640,,,39.3,-84.4,4711007.064735230,-7213436.141074810
1641,,,35.1,-94.3,4234682.321429720,-8344728.037256260
1642,,,35.8,-78.4,4314751.463942470,-6900177.895131040
1643,,,40.7,-74,4867490.986514480,-6243953.318520530
1644,,,42.1,-87.9,5022749.586837980,-7317394.314203290
ExtB1b_bracken_genuses,,,33.791638,-84.389488,4084335.380633800,-7541002.087659360
ExtB2b_bracken_genuses,,,33.791638,-84.389488,4084335.380633800,-7541002.087659360
ExtB3b3_bracken_genuses,,,33.791638,-84.389488,4084335.380633800,-7541002.087659360
ExtB3b4_bracken_genuses,,,33.791638,-84.389488,4084335.380633800,-7541002.087659360
ExtB4b3_bracken_genuses,,,33.791638,-84.389488,4084335.380633800,-7541002.087659360
NTC1b_bracken_genuses,,,33.791638,-84.389488,4084335.380633800,-7541002.087659360
NTC2b_bracken_genuses,,,33.791638,-84.389488,4084335.380633800,-7541002.087659360